fps,inference_time,batch_size
fps,inference_time,batch_size
0.19891080792752808,5.02737890625,1
9.194072281266559,0.10876573181152344,1
11.392495061762947,0.08777708435058594,1
11.088978238201696,0.09017963409423828,1
11.26111574672937,0.0888011474609375,1
11.494727651374536,0.08699640655517578,1
11.022585485544337,0.09072281646728515,1
11.300818419561507,0.08848916625976562,1
11.478990186563367,0.08711567687988281,1
11.451139623055587,0.08732755279541016,1
11.484565293449517,0.08707338714599609,1
11.46986325632386,0.08718499755859375,1
11.205501939752473,0.08924187469482422,1
11.362466065694113,0.08800906372070312,1
11.522534620042153,0.08678646087646484,1
11.514381116949084,0.08684791564941406,1
11.308645826934372,0.08842791748046876,1
11.384018235690833,0.08784244537353515,1
11.38896803204468,0.08780426788330079,1
11.401642048008817,0.0877066650390625,1
11.282238178728344,0.08863489532470703,1
11.435643922846745,0.08744588470458985,1
11.31292388832389,0.08839447784423828,1
11.378452385675297,0.08788541412353515,1
11.41635952334748,0.08759359741210937,1
11.498169198675718,0.08697036743164062,1
11.524775691473792,0.08676958465576172,1
11.44522812348363,0.08737265777587891,1
11.43892039603352,0.08742083740234376,1
11.46787626256705,0.08720010375976563,1
11.451091602529912,0.08732791900634766,1
11.103580072685958,0.09006104278564453,1
11.489513294567445,0.087035888671875,1
11.422737951992815,0.08754468536376953,1
11.445201139769908,0.08737286376953125,1
11.436801402236734,0.0874370346069336,1
11.3958895261575,0.08775093841552735,1
11.397289700301158,0.08774015808105469,1
11.169082692046153,0.08953286743164063,1
11.327185963595065,0.0882831802368164,1
11.349516299949622,0.08810948181152344,1
11.36433589922198,0.08799458312988281,1
11.540562826078439,0.08665088653564453,1
11.49010552817562,0.08703140258789062,1
11.426571818355935,0.08751531219482422,1
11.347021636233386,0.08812885284423828,1
11.42102499586542,0.08755781555175782,1
11.352999265578607,0.08808245086669922,1
11.47238512035011,0.08716583251953125,1
11.506328032707776,0.08690869903564453,1
11.44192006927725,0.08739791870117188,1
11.44935113035176,0.08734119415283204,1
11.398852792154523,0.0877281265258789,1
11.422635418954297,0.08754547119140625,1
11.455403049326351,0.08729505157470703,1
11.446961344060783,0.08735942840576172,1
11.459984263855226,0.08726015472412109,1
11.500325122487956,0.08695406341552735,1
11.163972204543812,0.0895738525390625,1
11.185767094496315,0.08939932250976562,1
11.08717915489865,0.09019426727294921,1
11.29405763440193,0.0885421371459961,1
11.224407743190293,0.08909156036376953,1
11.259194610925041,0.08881629943847656,1
10.633601945253401,0.09404151153564454,1
11.398122238669403,0.08773374938964844,1
11.164199470460296,0.08957202911376953,1
11.122008274641104,0.08991181945800782,1
11.200213558759506,0.08928401184082031,1
11.407162112472884,0.08766422271728516,1
11.231150814222445,0.08903807067871093,1
10.750617369819203,0.09301791381835937,1
10.676239486219007,0.09366593933105469,1
11.426986229152956,0.08751213836669922,1
11.326638790212108,0.08828744506835938,1
11.283690215734115,0.08862348937988282,1
11.280395261359596,0.08864937591552734,1
10.976307883292316,0.09110531616210937,1
11.369013176560674,0.08795838165283203,1
10.740237468131923,0.09310781097412109,1
10.704363658280307,0.09341984558105469,1
11.231005499398528,0.08903922271728516,1
11.209800091100151,0.08920765686035156,1
11.290631158789404,0.08856900787353515,1
11.512862025544162,0.086859375,1
10.652611426671498,0.09387369537353515,1
10.770452351274582,0.09284661102294922,1
10.330995081837226,0.09679609680175781,1
11.32183591820312,0.08832489776611328,1
11.110712701460713,0.09000322723388672,1
11.163816261736436,0.08957510375976563,1
11.57282508683901,0.0864093246459961,1
10.9483615588819,0.0913378677368164,1
11.161467187260367,0.08959395599365234,1
11.424287121677041,0.08753281402587891,1
11.41523302021973,0.08760224151611327,1
11.55291678712707,0.0865582275390625,1
11.21425217556766,0.0891722412109375,1
11.199554177903147,0.08928926849365235,1
11.260951273395092,0.0888024444580078,1
11.461262930231294,0.08725041961669922,1
11.391440584596994,0.08778520965576173,1
11.29807242671945,0.08851067352294922,1
11.49061421291984,0.08702754974365234,1
11.508962971945234,0.08688880157470703,1
11.349067199185255,0.08811296844482422,1
11.292703139981805,0.0885527572631836,1
11.480836221673897,0.08710166931152344,1
11.369363264653261,0.08795567321777344,1
11.447487211403399,0.08735541534423828,1
11.426632583443135,0.0875148468017578,1
11.443427489527377,0.08738640594482422,1
11.482924283942356,0.08708583068847656,1
11.423777322801458,0.0875367202758789,1
11.076957609205287,0.09027749633789063,1
10.92948393226942,0.09149562835693359,1
11.279361432831383,0.08865750122070312,1
11.459129640496386,0.08726666259765625,1
11.436012095620947,0.08744306945800781,1
11.490380514533616,0.0870293197631836,1
11.494397016395775,0.08699890899658203,1
11.39783777438156,0.08773593902587891,1
11.42891124256537,0.08749739837646485,1
11.427823111820159,0.08750572967529296,1
11.391251492433673,0.08778666687011719,1
11.401445674640918,0.08770817565917968,1
11.473433546137608,0.08715786743164063,1
11.513013714392725,0.08685823059082032,1
11.474565538887083,0.0871492691040039,1
11.384665895945723,0.08783744812011719,1
11.429278981940323,0.08749458312988281,1
11.372083838578046,0.08793463134765625,1
11.328074865963531,0.08827625274658203,1
11.386913997055103,0.08782010650634765,1
11.40710155429069,0.08766468811035157,1
11.452342268388932,0.0873183822631836,1
11.468794408962726,0.08719312286376953,1
11.343220341916675,0.08815838623046875,1
11.51625271933,0.08683380126953125,1
11.324667838140332,0.08830281066894531,1
11.423865936917029,0.08753604125976562,1
11.356357440033465,0.08805640411376953,1
11.423716588078063,0.08753718566894532,1
10.916701598967963,0.09160276031494141,1
11.461099573723905,0.08725166320800781,1
11.069606467855392,0.09033744812011718,1
11.248409353123778,0.08890145874023438,1
11.311477008503026,0.08840578460693359,1
11.259808800075941,0.08881145477294922,1
10.854104904022922,0.09213104248046874,1
11.470787744131211,0.08717797088623047,1
11.42688461603176,0.08751291656494141,1
11.462973943493221,0.08723739624023437,1
11.381879008660151,0.08785895538330078,1
11.442110847369355,0.0873964614868164,1
11.437381227832613,0.08743260192871094,1
11.399983005091254,0.08771942901611328,1
10.216412060498133,0.09788172149658203,1
11.47189110105718,0.08716958618164063,1
11.154742003613682,0.0896479721069336,1
11.26572101491192,0.08876484680175781,1
11.268293395850904,0.08874458312988281,1
11.551276547723617,0.08657051849365234,1
11.441675363237314,0.08739978790283204,1
11.442889008202052,0.08739051818847657,1
10.651098276680708,0.09388703155517578,1
11.44956916051838,0.08733953094482422,1
11.482079311776053,0.08709223937988281,1
11.187311851268294,0.08938697814941406,1
11.45159683864914,0.08732406616210937,1
11.19245042440062,0.08934593963623047,1
11.487430889788603,0.08705166625976563,1
11.452731531343238,0.08731541442871094,1
11.48174940402159,0.08709474182128907,1
11.530188452851247,0.08672885131835938,1
11.133571772345503,0.08981843566894532,1
11.271792595301179,0.08871703338623046,1
11.062762728165472,0.09039333343505859,1
11.178492999753612,0.0894574966430664,1
10.747192772276716,0.09304755401611328,1
11.143102302184047,0.08974161529541015,1
11.466739570233473,0.08720874786376953,1
11.481907314819074,0.08709354400634765,1
11.419618984175614,0.08756859588623046,1
11.020017501272912,0.09074395751953125,1
11.449501150217488,0.08734004974365234,1
11.487905104182325,0.08704807281494141,1
11.469390530244926,0.08718859100341797,1
11.208582665691571,0.08921734619140625,1
11.395659664909946,0.0877527084350586,1
11.426027949798076,0.08751947784423827,1
11.454165728334265,0.08730448150634766,1
11.40060570936614,0.08771463775634766,1
11.392975334371814,0.08777338409423828,1
11.326712200386158,0.08828687286376953,1
11.436945105682584,0.0874359359741211,1
10.966503436403116,0.091186767578125,1
11.436133827335599,0.087442138671875,1
11.528318402247121,0.086742919921875,1
11.450422358375366,0.08733302307128907,1
5.214869060920932,0.19175936889648437,2
5.881707813312497,0.17001864624023438,2
5.96735836037505,0.16757833862304689,2
5.907283519412704,0.16928254699707032,2
5.952600456944921,0.16799380493164062,2
5.90506129060045,0.16934625244140625,2
5.9907537118842,0.1669239044189453,2
5.8667675494777995,0.17045161437988282,2
5.927627160066375,0.16870156860351562,2
5.925033356339368,0.16877542114257812,2
5.976977655373283,0.16730863952636718,2
5.900569780972319,0.16947515869140625,2
5.94988158068787,0.16807057189941407,2
5.876226246187482,0.17017724609375,2
5.985977854183676,0.16705708312988282,2
5.910207164773449,0.1691988067626953,2
5.9514641822403425,0.16802587890625,2
5.931674595659386,0.16858645629882812,2
6.000063538270501,0.16666490173339843,2
5.846701095970972,0.17103662109375,2
5.952072808265621,0.16800869750976563,2
5.92355847362798,0.16881744384765626,2
5.994169002346228,0.16682879638671874,2
5.9123804629819,0.16913661193847657,2
5.92714788566798,0.1687152099609375,2
5.8160317865448175,0.17193853759765626,2
6.0266130657111034,0.16593067932128908,2
5.856947698751127,0.17073739624023437,2
5.980535517825164,0.1672091064453125,2
5.903185807132933,0.16940005493164062,2
5.983343669854113,0.16713063049316407,2
5.849704475493429,0.1709488067626953,2
5.9851529193054605,0.16708010864257813,2
5.886529632276032,0.16987937927246094,2
6.0163888208783085,0.16621266174316407,2
5.910325492670668,0.16919541931152343,2
5.966716726172078,0.16759635925292968,2
5.848544507918104,0.17098271179199218,2
6.008407883761659,0.16643344116210937,2
5.836192461483811,0.17134458923339843,2
6.006392973869313,0.16648927307128905,2
5.8673216790266345,0.17043551635742188,2
5.9991320225549645,0.16669078063964843,2
5.864551027974291,0.1705160369873047,2
5.94212556838531,0.16828994750976561,2
5.870119661371771,0.17035427856445312,2
6.016558940675807,0.1662079620361328,2
5.8579324455321595,0.17070869445800782,2
5.990402157480777,0.16693370056152343,2
5.809965132762349,0.17211807250976563,2
5.996302999587992,0.16676942443847656,2
5.893748845504748,0.16967129516601562,2
6.002352362336338,0.16660134887695313,2
5.848521542908093,0.17098338317871092,2
6.013537984728866,0.1662914581298828,2
5.852393693852906,0.17087025451660157,2
5.9674719238987075,0.1675751495361328,2
5.873214000216517,0.1702645263671875,2
5.996619581393204,0.1667606201171875,2
5.8934992103002415,0.16967848205566408,2
6.003322273135408,0.16657443237304687,2
5.824316896304568,0.17169395446777344,2
5.98249761607475,0.16715426635742187,2
5.911930849461182,0.16914947509765624,2
5.990859952953247,0.1669209442138672,2
5.873502978650029,0.17025614929199218,2
5.9602060570994215,0.16777943420410157,2
5.851104148600332,0.1709079132080078,2
6.000673354367798,0.16664796447753907,2
5.894226444387224,0.1696575469970703,2
5.9960166233559,0.1667773895263672,2
5.939182646450705,0.16837333679199218,2
5.927682383460883,0.1686999969482422,2
5.868835432520795,0.17039155578613283,2
5.995819686994352,0.1667828674316406,2
5.914846285838268,0.16906610107421874,2
6.00001300051645,0.1666663055419922,2
5.899412921277008,0.16950839233398438,2
5.941141936506221,0.16831781005859375,2
5.889646593345048,0.1697894744873047,2
5.978807055751354,0.1672574462890625,2
5.873494029893015,0.17025640869140626,2
5.957720691843225,0.16784942626953125,2
5.9383780913572926,0.16839614868164063,2
5.905201228364032,0.16934223937988283,2
5.862719016649116,0.17056932067871095,2
5.939737620501376,0.16835760498046876,2
5.921150648994648,0.16888609313964845,2
5.990445415064303,0.1669324951171875,2
5.816250125025061,0.1719320831298828,2
5.887264137977004,0.1698581848144531,2
5.878018206644772,0.1701253662109375,2
5.974046407336147,0.16739073181152345,2
5.863182682211043,0.1705558319091797,2
5.957471023733981,0.16785646057128906,2
5.879836581885624,0.17007275390625,2
5.983532139207694,0.1671253662109375,2
5.854620385006326,0.17080526733398438,2
5.920816309420473,0.1688956298828125,2
5.903274607749219,0.1693975067138672,2
5.9847910911942765,0.1670902099609375,2
5.868616281362612,0.17039791870117188,2
5.965054335004209,0.16764306640625,2
5.852925248027709,0.170854736328125,2
5.987840670591376,0.16700511169433593,2
5.8737546078043605,0.1702488555908203,2
5.95965700689831,0.16779489135742187,2
5.895120361256027,0.16963182067871094,2
5.944883736140268,0.16821186828613283,2
5.798955788005764,0.17244483947753905,2
5.984849024475819,0.16708859252929686,2
5.910835102979183,0.16918083190917968,2
5.995994131362189,0.16677801513671875,2
5.904006383995184,0.1693765106201172,2
5.959231603204796,0.16780686950683593,2
5.7970732458117045,0.17250083923339843,2
6.024141792354995,0.16599874877929688,2
5.858214685475836,0.17070046997070312,2
5.967684935083123,0.16756916809082031,2
5.866365805360471,0.17046328735351562,2
5.968193071628698,0.16755490112304688,2
5.852111491939283,0.1708784942626953,2
5.991933527718865,0.16689103698730468,2
5.859008663887476,0.17067733764648438,2
6.00110084891366,0.16663609313964844,2
5.895430061169945,0.16962290954589843,2
5.95819788151954,0.1678359832763672,2
5.823772412206426,0.17171000671386719,2
5.9944305286424395,0.16682151794433595,2
5.881055438387922,0.17003750610351562,2
6.0058161182519685,0.16650526428222656,2
5.838379272470736,0.17128041076660155,2
5.989690413543266,0.1669535369873047,2
5.901173886621212,0.16945780944824218,2
5.958876153193381,0.16781687927246094,2
5.851888885188201,0.17088499450683595,2
5.993792926965831,0.1668392639160156,2
5.878583427877202,0.1701090087890625,2
5.975582502127461,0.1673477020263672,2
5.875550328540771,0.1701968231201172,2
5.957548467351206,0.16785427856445312,2
5.890063708063652,0.16977745056152344,2
5.999184742136941,0.16668931579589844,2
5.844010330814893,0.17111537170410157,2
5.977111210056752,0.16730490112304688,2
5.87308294286837,0.17026832580566406,2
5.964948464305195,0.1676460418701172,2
5.877093629412013,0.17015213012695313,2
5.998020733697708,0.16672166442871095,2
5.912169248113632,0.16914265441894533,2
5.943503523740504,0.16825093078613282,2
5.8464037961659026,0.17104531860351563,2
5.961669962584008,0.1677382354736328,2
5.912979520570105,0.16911947631835939,2
5.900622376284425,0.16947364807128906,2
5.862260668261578,0.17058265686035157,2
5.9179329278660715,0.16897792053222657,2
5.897908832419059,0.16955162048339845,2
5.997486648966564,0.16673651123046876,2
5.902823188036119,0.16941046142578126,2
5.970527807193932,0.1674893798828125,2
5.9239455994212,0.16880641174316408,2
5.9517003748964585,0.1680192108154297,2
5.830666712574627,0.17150697326660155,2
5.965721135307609,0.16762432861328125,2
5.904075529212318,0.16937452697753907,2
6.009229874865784,0.16641067504882812,2
5.913318311228618,0.1691097869873047,2
5.906594582707511,0.1693022918701172,2
5.86192245940277,0.17059249877929689,2
5.9936504034391795,0.16684323120117187,2
5.874716050759426,0.17022099304199217,2
5.975353671989591,0.16735411071777342,2
5.811232999177387,0.1720805206298828,2
5.9049394490519225,0.16934974670410155,2
5.908543081083069,0.1692464599609375,2
5.962966390164308,0.16770176696777345,2
5.891027320699901,0.1697496795654297,2
6.015621744284306,0.16623385620117187,2
5.864337968984403,0.17052223205566405,2
5.929280554509329,0.16865452575683593,2
5.892413463718806,0.16970974731445312,2
5.975786829561324,0.16734197998046876,2
5.906865559501918,0.16929452514648438,2
5.974706504485817,0.16737223815917968,2
5.864183694552052,0.17052671813964843,2
5.973773043476755,0.1673983917236328,2
5.88242686011464,0.16999786376953124,2
5.938054716253023,0.1684053192138672,2
5.910185311941377,0.16919943237304688,2
6.021764946080138,0.16606427001953125,2
5.858665068978952,0.17068734741210936,2
5.934463370970064,0.16850723266601564,2
5.808796156777933,0.1721527099609375,2
6.015438978072965,0.16623890686035156,2
5.876016025987312,0.17018333435058594,2
5.960448907222233,0.16777259826660157,2
5.830889782783875,0.17150041198730467,2
6.001061283878786,0.16663719177246095,2
5.8438201263319485,0.17112094116210938,2
3.864464475419704,0.25876806640625,3
3.9997876089343403,0.25001327514648436,3
3.9834999851688533,0.2510355224609375,3
3.9493269343180937,0.25320770263671877,3
3.9713935557934255,0.25180078125,3
3.947340920552717,0.25333509826660155,3
3.952195655877471,0.2530239105224609,3
3.9990985918518245,0.2500563507080078,3
3.9577916879973096,0.25266615295410155,3
3.9521575218447826,0.2530263519287109,3
3.94402678779913,0.2535479736328125,3
3.9437108925817186,0.25356828308105467,3
3.983946281892284,0.2510074005126953,3
3.965432196772955,0.2521793212890625,3
3.955700213743982,0.25279974365234376,3
3.99534551026889,0.25029124450683593,3
3.948000800491861,0.25329275512695315,3
3.9395726210523194,0.2538346405029297,3
3.984863404906959,0.2509496307373047,3
3.955084301424545,0.252839111328125,3
3.96100546777833,0.2524611511230469,3
3.968826399575115,0.2519636535644531,3
3.9334638646018383,0.2542288513183594,3
3.9628164271366577,0.2523457794189453,3
3.969410776657108,0.25192655944824216,3
3.9593188685927343,0.2525686950683594,3
3.9925670605175836,0.2504654235839844,3
3.912658916693309,0.25558067321777345,3
3.894647225283734,0.2567626647949219,3
3.9816248402453227,0.25115374755859377,3
3.961469007682721,0.2524316101074219,3
3.9575404987264324,0.25268218994140623,3
3.976272448441211,0.2514918212890625,3
3.948176092171983,0.2532815093994141,3
3.9437004506286746,0.25356895446777344,3
3.92723328584291,0.25463218688964845,3
3.891617594890542,0.2569625549316406,3
3.9477230295449144,0.2533105773925781,3
3.934513311101636,0.25416104125976563,3
3.90165096226753,0.2563017578125,3
3.9398686682389026,0.2538155670166016,3
3.9153564646606163,0.2554045867919922,3
3.9253246751302093,0.25475599670410154,3
3.925728400646652,0.2547297973632813,3
3.929790257878694,0.2544665069580078,3
3.9326976784265946,0.25427838134765623,3
3.8966975583327343,0.2566275634765625,3
3.868610794708617,0.25849072265625,3
3.9598619268846686,0.2525340576171875,3
3.935430972807359,0.25410177612304685,3
3.8951555548106325,0.25672915649414063,3
3.9506041857620673,0.25312583923339843,3
3.9044771011735953,0.2561162414550781,3
3.9350954237823244,0.25412344360351563,3
3.936241015960528,0.25404948425292967,3
3.9368366469896925,0.25401104736328123,3
3.9331520196023844,0.25424900817871093,3
3.953602839432,0.2529338531494141,3
3.848411033035522,0.2598475036621094,3
3.933331660835129,0.2542373962402344,3
3.9373413837673823,0.2539784851074219,3
3.9419602650934595,0.25368089294433593,3
3.937768406029972,0.25395094299316406,3
3.9519516107839023,0.25303953552246095,3
3.92344305116664,0.254878173828125,3
3.942704210432211,0.2536330261230469,3
3.923608886792125,0.2548674011230469,3
3.9647508866483916,0.25222265625,3
3.935453659877024,0.2541003112792969,3
3.90869065781422,0.2558401489257813,3
3.930144936088369,0.25444354248046874,3
3.929909262367257,0.25445880126953124,3
3.9356124766890512,0.25409005737304685,3
3.9253961498941177,0.25475135803222654,3
3.9293614302021815,0.25449427795410157,3
3.938160969685607,0.2539256286621094,3
3.9139270491202143,0.25549786376953126,3
3.915497054116619,0.25539541625976564,3
3.933077901720704,0.25425379943847654,3
3.9424874246586414,0.25364697265625,3
3.9247776502310217,0.25479150390625,3
3.9221950359599385,0.25495927429199217,3
3.8828504397534305,0.2575427551269531,3
3.9406303060302057,0.25376651000976563,3
3.910656162108919,0.25571156311035154,3
3.9545392119451024,0.2528739624023438,3
3.9466066325104374,0.2533822326660156,3
3.894454668787731,0.25677536010742186,3
3.900307437258292,0.2563900451660156,3
3.939971229360481,0.2538089599609375,3
3.920772586515177,0.25505177307128907,3
3.946974098946092,0.253358642578125,3
3.891034874207526,0.25700103759765625,3
3.934695439047013,0.25414927673339843,3
3.9400771121476073,0.25380213928222656,3
3.936402497155334,0.2540390625,3
3.925251792360553,0.25476072692871093,3
3.957272136670326,0.2526993255615234,3
3.911062477456606,0.25568499755859375,3
3.9375990055063057,0.2539618682861328,3
3.928769000899943,0.25453265380859375,3
3.931658870760333,0.25434556579589845,3
3.9485390929530424,0.2532582244873047,3
3.9594487584098865,0.2525604095458984,3
3.9142054612650683,0.2554796905517578,3
3.955364541619867,0.2528211975097656,3
3.905304470851386,0.25606198120117185,3
3.9158746604620704,0.25537078857421874,3
3.96015265586016,0.25251551818847656,3
3.9426589064018573,0.2536359405517578,3
3.9184161553351617,0.2552051544189453,3
3.890481889989643,0.2570375671386719,3
3.861675008605921,0.2589549865722656,3
3.959202860031099,0.2525760955810547,3
3.9330014263251485,0.2542587432861328,3
3.9462544423663557,0.25340484619140624,3
3.954071089535552,0.2529039001464844,3
3.9461377724493034,0.25341233825683596,3
3.8872157010867787,0.2572535400390625,3
3.9623559258037733,0.2523751068115234,3
3.917562144882012,0.2552607879638672,3
3.9450942281325863,0.2534793701171875,3
3.938793637468351,0.25388484191894534,3
3.930843403310495,0.25439833068847656,3
3.9406909654296007,0.2537626037597656,3
3.9358972919145643,0.25407167053222657,3
3.906544087242018,0.2559807281494141,3
3.954141944983391,0.2528993682861328,3
3.9323012482608375,0.25430401611328124,3
3.9032957524380407,0.25619375610351564,3
3.9399567804728775,0.25380989074707033,3
3.9147355122350422,0.2554450988769531,3
3.931579148496601,0.2543507232666016,3
3.9480048436795268,0.25329249572753904,3
3.895869199235284,0.25668212890625,3
3.9374722012455883,0.2539700469970703,3
3.9194168001576477,0.25513999938964843,3
3.9188015891429298,0.2551800537109375,3
3.9555755834467945,0.2528077087402344,3
3.942200706355072,0.25366542053222657,3
3.886859277023772,0.25727713012695314,3
3.938909163294939,0.2538773956298828,3
3.907973007937653,0.2558871307373047,3
3.9310235410942695,0.2543866729736328,3
3.940252648499594,0.2537908325195313,3
3.9524788240893014,0.2530057830810547,3
3.9383443821833426,0.2539138031005859,3
3.9451443379479416,0.2534761505126953,3
3.899190318279977,0.2564635009765625,3
3.93530359922113,0.25411000061035155,3
3.9366810419758465,0.2540210876464844,3
3.9377967986053313,0.2539491119384766,3
3.9371968559378008,0.2539878082275391,3
3.9216911239783623,0.25499203491210937,3
3.933699964862244,0.2542135925292969,3
3.9390845955922837,0.2538660888671875,3
3.9261957160876912,0.25469947814941407,3
3.933983558738818,0.2541952667236328,3
3.942498571704524,0.25364625549316405,3
3.9032274049255378,0.2561982421875,3
3.929889938375996,0.2544600524902344,3
3.934891522997434,0.2541366119384766,3
3.918052347274217,0.2552288513183594,3
3.9404087729170496,0.25378077697753904,3
3.932162752513927,0.2543129730224609,3
3.9282754070155104,0.25456463623046877,3
3.904244495686065,0.2561315002441406,3
3.9284336449817165,0.25455438232421873,3
3.940942627101052,0.25374639892578127,3
3.9439539209260586,0.2535526580810547,3
3.9282747006245997,0.25456468200683596,3
3.937865415686171,0.25394468688964844,3
3.906974936305089,0.2559524993896484,3
3.909637594324869,0.25577818298339844,3
3.9352608281221273,0.25411276245117187,3
3.9499224854231487,0.2531695251464844,3
3.9070839445355765,0.25594535827636716,3
3.904586435327546,0.25610906982421877,3
3.920580487119682,0.25506427001953125,3
3.944842035970921,0.25349557495117186,3
3.9338241649747503,0.25420556640625,3
3.9252285174655777,0.25476223754882815,3
3.931191904681553,0.2543757781982422,3
3.921352282547027,0.2550140686035156,3
3.9440502861596975,0.2535464630126953,3
3.9124092192828477,0.25559698486328125,3
3.933114016135754,0.25425146484375,3
3.9570038110071795,0.25271646118164065,3
3.910132814209743,0.25574578857421876,3
3.9001022515211266,0.2564035339355469,3
3.9368028290484105,0.25401322937011717,3
3.923011615373182,0.2549062042236328,3
3.9193143687700682,0.25514666748046877,3
3.947934208004133,0.25329702758789063,3
3.9089627297557916,0.2558223419189453,3
3.9104330863118193,0.2557261505126953,3
3.888349499586222,0.25717852783203127,3
3.9423301868762928,0.2536570892333984,3
3.956719994078444,0.2527345886230469,3
3.92014733571328,0.2550924530029297,3
2.9066025950972545,0.3440442810058594,4
3.0624565241548365,0.32653524780273435,4
3.024073072414128,0.33067984008789064,4
3.0439550905151185,0.3285199584960937,4
3.0464542435458317,0.3282504577636719,4
3.0742514088051673,0.32528244018554686,4
3.046028325051603,0.32829635620117187,4
3.0512355790754966,0.327736083984375,4
3.0317174751662943,0.3298460388183594,4
3.067004903295467,0.3260509948730469,4
3.0687055527949774,0.32587030029296876,4
3.0690722968458273,0.32583135986328127,4
3.0534837698410517,0.32749478149414063,4
3.048143514276545,0.32806854248046874,4
3.020429563191759,0.3310787353515625,4
3.056496589657591,0.3271719665527344,4
3.0475785152783033,0.3281293640136719,4
3.0497097666192103,0.32790005493164065,4
3.069789655517101,0.32575521850585937,4
3.033739800892309,0.32962615966796877,4
3.03305126178746,0.32970098876953124,4
3.029509893012111,0.3300863952636719,4
3.0598336234143013,0.32681515502929687,4
3.0426184792460234,0.3286642761230469,4
3.0701034435977177,0.325721923828125,4
3.029388899741446,0.33009957885742186,4
3.0492066088724394,0.32795416259765625,4
3.0565855435854004,0.3271624450683594,4
3.066087720537632,0.3261485290527344,4
3.049985396035503,0.32787042236328123,4
3.021883014542259,0.33091949462890624,4
3.015141775521738,0.33165936279296876,4
3.053028291383077,0.32754364013671877,4
3.0312547265066887,0.3298963928222656,4
3.0457539765456123,0.328325927734375,4
3.0568316194005822,0.3271361083984375,4
3.020607200306043,0.33105926513671874,4
3.0359979972493676,0.3293809814453125,4
3.0271570202827283,0.33034295654296875,4
3.038113076625388,0.32915167236328124,4
3.0384621197853976,0.3291138610839844,4
3.0735639638132115,0.32535519409179686,4
3.0347731958992035,0.329513916015625,4
3.0661126803895673,0.3261458740234375,4
3.032059158464787,0.3298088684082031,4
3.046769794542946,0.3282164611816406,4
3.049347635215461,0.32793899536132814,4
3.068513593211813,0.32589068603515625,4
3.0455804461987266,0.32834463500976563,4
3.030488557149698,0.32997979736328126,4
3.018449684153434,0.3312958984375,4
3.059057510057137,0.3268980712890625,4
3.0545417665333785,0.32738134765625,4
3.0377717173144276,0.32918865966796873,4
3.0509475087684015,0.32776702880859376,4
3.010310736863767,0.33219161987304685,4
3.042496436663605,0.32867745971679685,4
3.0440676353777736,0.3285078125,4
3.064680011791835,0.32629833984375,4
3.0390916707018785,0.3290456848144531,4
3.070418158944739,0.32568853759765626,4
3.0233236391007052,0.3307618103027344,4
3.051630840953951,0.3276936340332031,4
3.035190630775562,0.3294685974121094,4
3.0619002264187754,0.3265945739746094,4
3.0483059938079426,0.3280510559082031,4
3.063297363645967,0.32644561767578123,4
3.034772914836963,0.32951394653320315,4
3.039143816203029,0.3290400390625,4
3.032440487152384,0.32976739501953123,4
3.0517132592787477,0.3276847839355469,4
3.05616220342132,0.327207763671875,4
3.019543082165796,0.3311759338378906,4
3.048078300487983,0.3280755615234375,4
3.04105216247133,0.3288335571289063,4
3.047302187142371,0.32815911865234376,4
3.0432689731354055,0.32859402465820314,4
3.0640653156091067,0.32636380004882815,4
3.028121292300294,0.33023776245117187,4
3.0554036204220463,0.32728900146484374,4
3.0331930438353227,0.32968557739257814,4
3.058811932353657,0.32692431640625,4
3.0484035465600194,0.32804055786132813,4
3.069020269039413,0.32583688354492185,4
3.0451451504009714,0.3283915710449219,4
3.053288019785992,0.32751577758789063,4
3.043568316349799,0.32856170654296873,4
3.0503104813557123,0.32783547973632815,4
3.0583023416713946,0.32697879028320315,4
3.051008016065464,0.32776052856445315,4
3.041561384348545,0.32877850341796877,4
3.0269349918414643,0.3303671875,4
3.038574822354927,0.3291016540527344,4
3.0296908407974574,0.3300666809082031,4
3.0569830484281977,0.32711990356445314,4
2.983840293882044,0.3351385803222656,4
3.0617268539364373,0.32661306762695314,4
3.020620565698958,0.3310578002929688,4
3.0541665307415915,0.32742156982421877,4
3.0513432642910425,0.32772451782226564,4
3.0702113140772394,0.3257104797363281,4
3.051638514196247,0.32769281005859374,4
3.0666575949704122,0.3260879211425781,4
3.0269506502105785,0.330365478515625,4
3.053055030273396,0.327540771484375,4
3.0530490566508868,0.32754141235351564,4
3.0484809693216834,0.3280322265625,4
3.059190595378912,0.32688385009765625,4
3.0409621348801457,0.32884329223632813,4
3.0265318446235,0.33041119384765627,4
3.0219387515135976,0.3309133911132813,4
3.0528436920365665,0.3275634460449219,4
3.0363786292244215,0.32933969116210937,4
3.058995255233983,0.3269047241210937,4
2.9998590154149247,0.3333489990234375,4
3.0254588000059828,0.3305283813476563,4
3.045562613042161,0.3283465576171875,4
3.059037519700116,0.32690020751953125,4
3.046898413070644,0.32820260620117186,4
3.0602877051484523,0.32676666259765624,4
3.024811429297248,0.33059912109375,4
3.0490670141531124,0.32796917724609376,4
3.048247578579028,0.32805734252929686,4
3.0542647436456094,0.3274110412597656,4
3.0574357138871666,0.3270714721679687,4
3.0495931145905457,0.32791259765625,4
3.0296717926442627,0.3300687561035156,4
3.0078647107101113,0.3324617614746094,4
3.04011038213282,0.3289354248046875,4
3.0213210220894453,0.33098104858398436,4
3.051106025934401,0.32775,4
3.038207442773766,0.3291414489746094,4
3.0426402332344193,0.3286619262695312,4
3.0089816743943536,0.3323383483886719,4
3.034144027950274,0.3295822448730469,4
3.042891415448747,0.3286347961425781,4
3.068048449473592,0.32594009399414064,4
3.012510357572881,0.3319490661621094,4
3.0583251768350905,0.32697634887695315,4
3.0317242070983688,0.32984530639648435,4
3.043061248294036,0.328616455078125,4
3.0705507959790106,0.3256744689941406,4
3.068555833753721,0.32588619995117185,4
3.0403309625902346,0.32891156005859373,4
3.064371343302453,0.3263312072753906,4
3.0382015271116467,0.32914208984375,4
3.0212349445357027,0.330990478515625,4
3.061815540377085,0.3266036071777344,4
3.0534578770416645,0.32749755859375,4
3.0611287837655543,0.3266768798828125,4
3.0400855617830964,0.3289381103515625,4
3.0493828228957947,0.32793521118164065,4
3.028414024344316,0.3302058410644531,4
3.079935453696449,0.32468212890625,4
3.048343426102464,0.3280470275878906,4
3.0733832145329907,0.32537432861328125,4
3.020949725820786,0.331021728515625,4
3.0451895799649424,0.32838677978515624,4
3.0692200539361476,0.325815673828125,4
3.07058848885403,0.32567047119140624,4
3.044633313461947,0.32844677734375,4
3.075970789917522,0.32510061645507815,4
3.0390071142332986,0.3290548400878906,4
3.032774754741649,0.3297310485839844,4
3.0641753410003174,0.32635208129882814,4
3.046363329401422,0.32826025390625,4
3.0655937712164056,0.32620108032226564,4
3.0492835049191194,0.32794589233398436,4
3.0563052992312043,0.3271924438476562,4
3.0238453571820436,0.3307047424316406,4
3.0727575307550037,0.32544058227539063,4
3.025999418773183,0.33046932983398436,4
3.081635407208382,0.3245030212402344,4
3.057995241853473,0.3270116271972656,4
3.043975449773197,0.3285177612304688,4
3.0424989791175454,0.3286771850585937,4
3.0581122521688306,0.3269991149902344,4
3.0414670920463336,0.3287886962890625,4
3.076540878194312,0.3250403747558594,4
3.0124087189963586,0.3319602661132813,4
3.0219487843867943,0.3309122924804688,4
3.0660145646919905,0.32615631103515624,4
3.0326852165665614,0.32974078369140625,4
3.06394899527289,0.32637619018554687,4
3.0539519077133908,0.327444580078125,4
3.037777631302904,0.32918801879882814,4
3.037449862101371,0.3292235412597656,4
3.0618687547076653,0.3265979309082031,4
3.022687498316527,0.3308314208984375,4
3.0749013616160195,0.3252136840820313,4
3.05287981372663,0.3275595703125,4
3.05665083678242,0.32715545654296874,4
3.0548493122487077,0.327348388671875,4
3.0585926590789274,0.32694775390625,4
3.0338487827107654,0.32961431884765624,4
3.07688465053537,0.32500405883789063,4
3.043028467100412,0.3286199951171875,4
3.0676816628691994,0.32597906494140627,4
3.0422512510710504,0.32870394897460936,4
3.0199660788356026,0.3311295471191406,4
2.3696331168955607,0.4220062561035156,5
2.477316091713314,0.4036626586914063,5
2.4056259109285585,0.4156922302246094,5
2.477349991536275,0.40365713500976563,5
2.4200473389264925,0.41321505737304687,5
2.4483054368624035,0.40844577026367185,5
2.4205766746175557,0.41312469482421876,5
2.4686132861689174,0.40508572387695313,5
2.432662472907417,0.41107223510742186,5
2.458005263617839,0.4068339538574219,5
2.4050264818605016,0.41579583740234377,5
2.4520766360753243,0.4078175964355469,5
2.428075812162016,0.4118487548828125,5
2.467604594377329,0.40525131225585936,5
2.4002535619424443,0.41662265014648436,5
2.4744931170608626,0.4041231689453125,5
2.403254309088222,0.4161024475097656,5
2.4676781827743137,0.4052392272949219,5
2.4272799360883446,0.41198379516601563,5
2.442017911062644,0.4094974060058594,5
2.4332614844959406,0.4109710388183594,5
2.456032314573608,0.4071607666015625,5
2.4152255322241487,0.4140400085449219,5
2.4591262567112278,0.4066484985351563,5
2.4001253971765126,0.4166448974609375,5
2.460243654819286,0.40646380615234373,5
2.4175246931614622,0.413646240234375,5
2.471623248826869,0.4045924072265625,5
2.4072661117788985,0.41540899658203123,5
2.445316016125892,0.40894509887695313,5
2.4161936293686685,0.41387411499023435,5
2.4580627917721207,0.4068244323730469,5
2.4332833478557063,0.41096734619140624,5
2.4325617032029743,0.41108926391601563,5
2.409156323278076,0.4150830688476562,5
2.459465873785147,0.4065923461914063,5
2.4024483740839693,0.41624203491210937,5
2.4770016729285893,0.40371389770507815,5
2.427696424445024,0.4119131164550781,5
2.451187204036799,0.407965576171875,5
2.4249928788775703,0.41237234497070313,5
2.4447282004336914,0.40904342651367187,5
2.422696693279264,0.41276318359375,5
2.4624256154786535,0.4061036376953125,5
2.4272322900115926,0.41199188232421874,5
2.4620835156340575,0.4061600646972656,5
2.416251355030486,0.4138642272949219,5
2.4617372571778446,0.4062171936035156,5
2.394568258641433,0.41761181640625,5
2.468260912533414,0.4051435546875,5
2.4173459919403113,0.4136768188476562,5
2.46266564165825,0.40606405639648435,5
2.377622083326047,0.4205882873535156,5
2.4150922036330744,0.4140628662109375,5
2.4339569679557473,0.4108536071777344,5
2.4640324799906397,0.40583880615234375,5
2.411473574612176,0.4146842041015625,5
2.4708052805922573,0.40472634887695313,5
2.397345536813206,0.41712802124023435,5
2.464911605673118,0.40569406127929686,5
2.4198164416218177,0.41325448608398435,5
2.4524245870832635,0.40775973510742186,5
2.4309957898251016,0.41135406494140625,5
2.4597413278129276,0.40654681396484377,5
2.424712592603665,0.4124200134277344,5
2.435276188471708,0.4106310424804688,5
2.420819341850084,0.41308328247070314,5
2.4588812000492855,0.40668902587890626,5
2.421608838635776,0.4129486083984375,5
2.475019434280409,0.4040372314453125,5
2.4039286861878275,0.4159857177734375,5
2.457539974586121,0.40691098022460936,5
2.4006247719743468,0.4165582275390625,5
2.4549218643651174,0.4073449401855469,5
2.4352660532622297,0.41063275146484374,5
2.445000180569471,0.4089979248046875,5
2.4210797669976714,0.41303884887695314,5
2.4523440136926533,0.40777313232421875,5
2.4083216449965734,0.4152269287109375,5
2.470995141110201,0.40469525146484375,5
2.422348351700911,0.41282254028320314,5
2.459308420076717,0.4066183776855469,5
2.4086093081782827,0.4151773376464844,5
2.4496131587764673,0.40822772216796877,5
2.4193038712996495,0.413342041015625,5
2.4782485813108384,0.4035107727050781,5
2.4351913086975823,0.4106453552246094,5
2.4364136775838343,0.4104393310546875,5
2.4195277032894666,0.41330380249023435,5
2.4387477482814597,0.4100465087890625,5
2.4093887337841626,0.4150430297851562,5
2.4730317801338297,0.4043619689941406,5
2.4062595646761564,0.415582763671875,5
2.466062107166082,0.40550479125976563,5
2.4010122822534727,0.4164909973144531,5
2.4478134582080746,0.4085278625488281,5
2.4310141857630767,0.4113509521484375,5
2.449077638406931,0.40831698608398437,5
2.4174068044601333,0.41366641235351564,5
2.465530131113714,0.40559228515625,5
2.4082177490969,0.4152448425292969,5
2.458348259751562,0.40677719116210936,5
2.4147645519815137,0.4141190490722656,5
2.4763972168947,0.40381243896484376,5
2.4094964514193955,0.4150244750976563,5
2.467272386254022,0.4053058776855469,5
2.418790446811154,0.41342977905273437,5
2.444926479102922,0.40901025390625,5
2.428237389253538,0.41182135009765625,5
2.4407055581616826,0.40971759033203126,5
2.4273446658308346,0.4119728088378906,5
2.4761460865738294,0.4038533935546875,5
2.4027393927466276,0.41619161987304687,5
2.458364674331951,0.40677447509765624,5
2.4109659513599686,0.41477151489257813,5
2.4735989286707767,0.40426925659179686,5
2.41971494653226,0.4132718200683594,5
2.4252655113596244,0.41232598876953125,5
2.3999657817378774,0.416672607421875,5
2.452789895056552,0.4076990051269531,5
2.4273072660029644,0.41197915649414063,5
2.458553918920541,0.4067431640625,5
2.422311642871072,0.41282879638671877,5
2.4604012283084598,0.40643777465820313,5
2.418175338817965,0.4135349426269531,5
2.466293747115927,0.40546670532226564,5
2.400475289418877,0.4165841674804687,5
2.4673151149479855,0.40529885864257814,5
2.42170852393658,0.41293161010742185,5
2.4369395050293856,0.41035076904296874,5
2.4223891803892634,0.4128155822753906,5
2.4318736945599886,0.41120556640625,5
2.421424701916397,0.41298001098632814,5
2.4519069173286545,0.4078458251953125,5
2.4224314431128184,0.41280838012695314,5
2.450845469884997,0.4080224609375,5
2.37667171380602,0.4207564697265625,5
2.4464797099643354,0.4087505798339844,5
2.410337617920295,0.414879638671875,5
2.4610415204622145,0.40633203125,5
2.4105855071491424,0.41483697509765627,5
2.446313321911033,0.40877838134765626,5
2.419817156406161,0.4132543640136719,5
2.4420568575643955,0.40949087524414063,5
2.4266903351917866,0.41208389282226565,5
2.4724505268444386,0.40445703125,5
2.3974620031757885,0.4171077575683594,5
2.477559966356962,0.4036229248046875,5
2.4018887313024053,0.4163390197753906,5
2.4529792004311877,0.40766754150390627,5
2.4217405609912346,0.4129261474609375,5
2.4557998373242453,0.4071993103027344,5
2.4199463606127734,0.4132322998046875,5
2.4676871028782577,0.4052377624511719,5
2.409249671805169,0.4150669860839844,5
2.4487297214569943,0.408375,5
2.4171159663905217,0.4137161865234375,5
2.471811929871992,0.4045615234375,5
2.415848936305429,0.41393316650390627,5
2.4624868667492357,0.4060935363769531,5
2.3993788326869674,0.4167745361328125,5
2.462911083032228,0.40602359008789063,5
2.424343402679311,0.4124828186035156,5
2.458961834538013,0.40667568969726564,5
2.4311801224908796,0.4113228759765625,5
2.430861255448444,0.4113768310546875,5
2.4050439573013684,0.4157928161621094,5
2.474071813467911,0.4041919860839844,5
2.4118337068333986,0.4146222839355469,5
2.4736360880314905,0.40426318359375,5
2.415963466810252,0.4139135437011719,5
2.4510883773395507,0.40798202514648435,5
2.4031573709452494,0.4161192321777344,5
2.4531398850465,0.4076408386230469,5
2.416268459459996,0.41386129760742185,5
2.456271095930324,0.4071211853027344,5
2.4310305980603837,0.41134817504882815,5
2.442991764296624,0.40933416748046875,5
2.407063815545807,0.41544390869140624,5
2.4656175100980233,0.40557791137695315,5
2.406522875553949,0.4155372924804687,5
2.4758415050408398,0.403903076171875,5
2.385788424513947,0.4191486511230469,5
2.4339012857235067,0.41086300659179686,5
2.422425533406008,0.41280938720703125,5
2.439691566044032,0.40988787841796875,5
2.4326249090308303,0.4110785827636719,5
2.4555399861171465,0.4072424011230469,5
2.4074362508412217,0.415379638671875,5
2.4675592542169635,0.4052587585449219,5
2.3985677692748797,0.4169154663085938,5
2.459656764986882,0.406560791015625,5
2.4138258712807907,0.4142800903320312,5
2.4647525269768473,0.4057202453613281,5
2.408602580500713,0.4151784973144531,5
2.4683053488360707,0.4051362609863281,5
2.4137799965643705,0.4142879638671875,5
2.435372296168562,0.4106148376464844,5
2.4256076899343797,0.412267822265625,5
2.4580725644505157,0.40682281494140626,5
1.5371983902575548,0.6505341186523438,8
1.5562239077937334,0.6425810546875,8
1.5452335430364141,0.6471513671875,8
1.5517136709440764,0.6444487915039062,8
1.561835839652156,0.6402721557617187,8
1.5516878061716146,0.6444595336914063,8
1.5632179696790671,0.6397060546875,8
1.5539996378680043,0.6435007934570313,8
1.544651690660118,0.6473951416015625,8
1.544911969531741,0.6472860717773438,8
1.5455727462999502,0.6470093383789063,8
1.5573393943847003,0.6421207885742187,8
1.5513996780163901,0.6445792236328125,8
1.542828123353553,0.6481603393554688,8
1.5379032513925515,0.6502359619140625,8
1.5575303751220266,0.6420420532226563,8
1.5508048065483642,0.6448264770507812,8
1.5601402450288622,0.640968017578125,8
1.5597273523475876,0.6411376953125,8
1.5511449919148081,0.64468505859375,8
1.5542334410438103,0.6434039916992188,8
1.5495657215330902,0.6453421020507812,8
1.5473179051710582,0.6462796020507813,8
1.5545264576911486,0.64328271484375,8
1.5534179413893816,0.6437417602539063,8
1.5433049445855185,0.6479600830078125,8
1.550910648841796,0.644782470703125,8
1.5439956296178394,0.6476702270507813,8
1.5466030757049178,0.6465783081054688,8
1.5601132072381483,0.6409791259765625,8
1.5604733918523555,0.6408311767578125,8
1.5555697972224003,0.6428512573242188,8
1.5535538967709708,0.6436854248046875,8
1.551118558701847,0.644696044921875,8
1.5604236039594606,0.6408516235351562,8
1.552658178473433,0.6440567626953125,8
1.5329451755967927,0.6523390502929688,8
1.5432784871650922,0.64797119140625,8
1.5443718467346679,0.647512451171875,8
1.5412805234032123,0.6488111572265625,8
1.5551512010562576,0.6430242919921875,8
1.5538258789396655,0.64357275390625,8
1.552750146636515,0.6440186157226563,8
1.5581615367672486,0.641781982421875,8
1.5486538082903831,0.6457221069335938,8
1.5478033549091175,0.646076904296875,8
1.558994783305054,0.64143896484375,8
1.5502640766608613,0.6450513916015626,8
1.5529385314437352,0.6439404907226562,8
1.5589594782814222,0.6414534912109375,8
1.5452019188646386,0.6471646118164063,8
1.543644901374055,0.6478173828125,8
1.5519722190910392,0.6443414306640625,8
1.5544403255823838,0.643318359375,8
1.5547683865785833,0.6431826171875,8
1.5323928907968978,0.6525741577148437,8
1.545331046902363,0.6471105346679688,8
1.5603234433168987,0.6408927612304688,8
1.5551035234427775,0.6430440063476562,8
1.5611911362382251,0.6405365600585937,8
1.5566120240488197,0.6424208374023438,8
1.5374319256597613,0.650435302734375,8
1.5454788564927986,0.6470486450195313,8
1.5561265025230544,0.6426212768554688,8
1.5516933905381365,0.6444572143554688,8
1.553066305902306,0.6438875122070312,8
1.5544842753630752,0.6433001708984375,8
1.5449744669960677,0.6472598876953125,8
1.5442546685568959,0.6475615844726562,8
1.5520076493970767,0.6443267211914062,8
1.5505991820362177,0.6449119873046875,8
1.5604790396348722,0.640828857421875,8
1.5608645230755778,0.6406705932617187,8
1.55057599582677,0.644921630859375,8
1.5446633408888337,0.6473902587890625,8
1.5322481467643836,0.6526358032226562,8
1.554919482807055,0.6431201171875,8
1.5531048779001158,0.6438715209960938,8
1.5418720268803705,0.648562255859375,8
1.5516087476110065,0.6444923706054687,8
1.5454212744443314,0.64707275390625,8
1.5434834832005802,0.6478851318359375,8
1.5577345838564922,0.6419578857421875,8
1.5569513592392528,0.6422808227539063,8
1.5478033549091175,0.646076904296875,8
1.5579594382825932,0.641865234375,8
1.553054528574867,0.6438923950195312,8
1.5509084467051764,0.6447833862304687,8
1.5539511465226834,0.6435208740234375,8
1.5564122493747847,0.6425032958984375,8
1.5482618955303105,0.6458855590820313,8
1.5511024055151992,0.6447027587890625,8
1.5421323858154694,0.6484527587890625,8
1.538635201276286,0.6499266357421875,8
1.552546506983569,0.6441030883789063,8
1.5546500680444069,0.6432315673828125,8
1.5582329653390175,0.6417525634765625,8
1.547593262944162,0.6461646118164063,8
1.5520579308654057,0.6443058471679688,8
1.5629073549080814,0.6398331909179688,8
1.5582719426117662,0.6417365112304687,8
1.54525365493422,0.6471429443359376,8
1.5591711840346352,0.6413663940429688,8
1.5385366623220034,0.64996826171875,8
1.5441433293743296,0.6476082763671875,8
1.5511300129835188,0.6446912841796875,8
1.5499580014737089,0.6451787719726563,8
1.5534827492207222,0.6437149047851562,8
1.5562234643430204,0.6425812377929687,8
1.5490812163313097,0.6455439453125,8
1.5511003496792144,0.64470361328125,8
1.5601647581216127,0.6409579467773437,8
1.5547095201191312,0.6432069702148437,8
1.5633911503701938,0.6396351928710937,8
1.5550548155873365,0.6430641479492187,8
1.5446251870444563,0.64740625,8
1.5483625621733628,0.6458435668945313,8
1.5540591876113863,0.6434761352539062,8
1.5547776816902057,0.6431787719726563,8
1.5511492506833853,0.6446832885742187,8
1.5337207950410194,0.6520091552734375,8
1.53188970057559,0.6527885131835938,8
1.5498377750065766,0.6452288208007813,8
1.5487843923672835,0.6456676635742188,8
1.5607925556749205,0.6407001342773437,8
1.5621208574693433,0.6401553344726563,8
1.552821374267767,0.6439890747070313,8
1.5471272291181732,0.6463592529296875,8
1.548241120033006,0.6458942260742188,8
1.5427229455462301,0.6482045288085938,8
1.5572442175997872,0.6421600341796875,8
1.552665829809099,0.6440535888671876,8
1.5486784009177128,0.6457118530273438,8
1.548050216390662,0.645973876953125,8
1.5424016900143518,0.6483395385742188,8
1.5411436632977351,0.6488687744140625,8
1.559502135796428,0.6412302856445312,8
1.557474260418366,0.642065185546875,8
1.5602616295153808,0.6409181518554687,8
1.5424186789312047,0.6483323974609375,8
1.5400676073135915,0.6493221435546875,8
1.5562419416701827,0.6425736083984375,8
1.5564359061707782,0.6424935302734375,8
1.5472579942213918,0.6463046264648438,8
1.5503773272456294,0.6450042724609375,8
1.5424697931429763,0.6483109130859375,8
1.5437205323122265,0.64778564453125,8
1.5580785574383607,0.641816162109375,8
1.55247192114231,0.644134033203125,8
1.5517465909925015,0.6444351196289062,8
1.559398086044434,0.6412730712890625,8
1.5496941141796539,0.6452886352539062,8
1.5518447715741137,0.6443943481445312,8
1.562020925588923,0.6401962890625,8
1.5520010336569385,0.6443294677734375,8
1.5576233656434337,0.6420037231445312,8
1.5520314665285906,0.6443168334960937,8
1.539235087344827,0.64967333984375,8
1.543653336765349,0.6478138427734375,8
1.5492162671490317,0.6454876708984375,8
1.5530889777605126,0.6438781127929688,8
1.5538313313434353,0.6435704956054688,8
1.5479807420764955,0.6460028686523438,8
1.5488751700581556,0.6456298217773437,8
1.560320917176139,0.640893798828125,8
1.5555181064908985,0.6428726196289063,8
1.561479936831732,0.6404180908203125,8
1.553933018316663,0.6435283813476562,8
1.5418212424647533,0.6485836181640625,8
1.5470836943572994,0.64637744140625,8
1.5534248637861432,0.6437388916015625,8
1.5449834996818375,0.647256103515625,8
1.5538904260660567,0.6435460205078125,8
1.5537383509927558,0.6436090087890625,8
1.5437916612447706,0.6477557983398438,8
1.5501685893494221,0.6450911254882813,8
1.5535079373597989,0.6437044677734375,8
1.548746913069679,0.6456832885742188,8
1.5607420040312183,0.6407208862304687,8
1.5601123158983672,0.6409794921875,8
1.5402212169044918,0.6492573852539063,8
1.545173793384687,0.6471763916015625,8
1.5452462222153478,0.6471460571289063,8
1.5557866403469298,0.6427616577148437,8
1.5504502447324768,0.6449739379882813,8
1.5251064032593937,0.6556919555664062,8
1.5471877143625556,0.646333984375,8
1.5411487371262484,0.6488666381835938,8
1.5417774254575458,0.64860205078125,8
1.557917661997668,0.6418824462890625,8
1.558392147164571,0.64168701171875,8
1.5520698401114186,0.6443009033203125,8
1.557220980245135,0.6421696166992188,8
1.5482321955187448,0.64589794921875,8
1.5375296017147058,0.6503939819335938,8
1.5545204104336177,0.6432852172851562,8
1.5572924706277758,0.64214013671875,8
1.548451973321715,0.6458062744140625,8
1.5543185180392591,0.6433687744140625,8
1.5381370010290234,0.6501371459960937,8
0.7594058983738406,1.31681884765625,16
0.7709655430540305,1.2970748291015626,16
0.7820669154095153,1.2786629638671876,16
0.7716075546709196,1.29599560546875,16
0.7852115676463312,1.2735421142578125,16
0.764289470158564,1.30840478515625,16
0.7803562089853369,1.281466064453125,16
0.7694905271977611,1.2995611572265624,16
0.7805031978050635,1.2812247314453125,16
0.7729639989564231,1.2937213134765626,16
0.7863257642439475,1.271737548828125,16
0.7663281115381586,1.304924072265625,16
0.7805533219775783,1.2811424560546876,16
0.7664842056254813,1.3046583251953126,16
0.7852187177278653,1.273530517578125,16
0.7728468121767147,1.29391748046875,16
0.7823160661954753,1.2782557373046874,16
0.7678290860443784,1.3023731689453124,16
0.7812286174189377,1.2800350341796876,16
0.7679325899173414,1.3021976318359374,16
0.7844592794580644,1.274763427734375,16
0.7712292332030753,1.29663134765625,16
0.7788310081222035,1.2839755859375,16
0.7696127716638197,1.299354736328125,16
0.781232864040496,1.280028076171875,16
0.7649107644569723,1.307342041015625,16
0.7841327221207651,1.2752943115234374,16
0.7720125836543298,1.295315673828125,16
0.7803101980694371,1.2815416259765624,16
0.770330104128093,1.298144775390625,16
0.7781857954684166,1.2850401611328126,16
0.7671781124983542,1.303478271484375,16
0.7846548634473531,1.2744456787109375,16
0.7720181857779964,1.2953062744140624,16
0.7845357582434674,1.27463916015625,16
0.7679129378706689,1.30223095703125,16
0.7778129612389558,1.2856561279296874,16
0.7712704760448588,1.29656201171875,16
0.785205772412631,1.273551513671875,16
0.7658355095264814,1.305763427734375,16
0.7845903091986892,1.274550537109375,16
0.7668786317207663,1.3039873046875,16
0.7802740026646662,1.28160107421875,16
0.7707583031048425,1.297423583984375,16
0.7843878476184896,1.2748795166015625,16
0.7695581146953473,1.299447021484375,16
0.7863211601692626,1.2717449951171875,16
0.7685671064536744,1.30112255859375,16
0.7811910703528739,1.2800965576171874,16
0.7702610048972502,1.29826123046875,16
0.783788588336667,1.275854248046875,16
0.7713302424257432,1.2964615478515624,16
0.785113662261967,1.273700927734375,16
0.766104657078388,1.3053046875,16
0.7808821890705281,1.2806029052734376,16
0.7690781755009735,1.3002579345703125,16
0.7845624316608484,1.2745958251953124,16
0.7699772052158437,1.29873974609375,16
0.7722627940905304,1.29489599609375,16
0.7587460018105427,1.317964111328125,16
0.7854303438242424,1.2731873779296874,16
0.7693709228130876,1.29976318359375,16
0.7847430321007031,1.274302490234375,16
0.7705651632681971,1.297748779296875,16
0.779434350638514,1.282981689453125,16
0.7670913323735953,1.303625732421875,16
0.7818453822495711,1.2790252685546875,16
0.7683298055690405,1.3015244140625,16
0.7862860653062791,1.2718017578125,16
0.7699217005044059,1.2988333740234375,16
0.7798025801070573,1.2823758544921875,16
0.7680783199861911,1.3019505615234375,16
0.7801258371925374,1.281844482421875,16
0.768571000217474,1.301115966796875,16
0.7865689510932128,1.2713443603515624,16
0.7717090265086572,1.2958251953125,16
0.7798981258073164,1.28221875,16
0.7668137391455419,1.30409765625,16
0.7733896558378268,1.29300927734375,16
0.7725703572336284,1.2943804931640626,16
0.7860038354147115,1.2722584228515625,16
0.766432430121281,1.3047464599609375,16
0.7807491207756561,1.2808211669921874,16
0.7661029376007661,1.3053076171875,16
0.7794515561152789,1.282953369140625,16
0.7719924312324088,1.2953494873046876,16
0.7848467852993751,1.274134033203125,16
0.7693491017342098,1.299800048828125,16
0.7840613497378773,1.275410400390625,16
0.765735361597306,1.3059342041015625,16
0.7786659964866879,1.2842476806640626,16
0.7711959807434473,1.296687255859375,16
0.7864744067000093,1.2714971923828124,16
0.7709653253827534,1.2970751953125,16
0.7826818643764815,1.2776583251953124,16
0.7673829282028588,1.30313037109375,16
0.7781342748960699,1.285125244140625,16
0.7702334845468146,1.2983076171875,16
0.7855225283009134,1.2730379638671876,16
0.7721431997625509,1.2950965576171876,16
0.782292010546809,1.2782950439453125,16
0.7670305692393027,1.30372900390625,16
0.7864726700747149,1.2715,16
0.7688280037341465,1.3006810302734375,16
0.7860082849418198,1.272251220703125,16
0.7716368450188308,1.2959464111328125,16
0.7800471703817461,1.2819737548828125,16
0.7669744832120876,1.3038243408203125,16
0.7857778054027788,1.2726243896484375,16
0.767585407931541,1.30278662109375,16
0.7857044000117779,1.2727432861328125,16
0.7711976505584075,1.2966844482421875,16
0.7808728847228777,1.2806181640625,16
0.764956334365103,1.30726416015625,16
0.78185844086432,1.27900390625,16
0.7665891405985497,1.304479736328125,16
0.784499244900324,1.274698486328125,16
0.7718887756517334,1.2955234375,16
0.7797299157202575,1.282495361328125,16
0.766254567876199,1.30504931640625,16
0.779345146488252,1.2831285400390624,16
0.7707164624264905,1.2974940185546875,16
0.7854329795177641,1.27318310546875,16
0.7592542217991786,1.3170819091796875,16
0.7760025015471266,1.2886556396484374,16
0.7671572777304131,1.303513671875,16
0.780639901733903,1.2810003662109375,16
0.7697541494324708,1.2991160888671875,16
0.783855035809315,1.27574609375,16
0.7657591971493418,1.3058935546875,16
0.7806932426387356,1.280912841796875,16
0.7680940915262119,1.301923828125,16
0.7807067836100369,1.280890625,16
0.7714208900438021,1.2963092041015625,16
0.783969507873477,1.275559814453125,16
0.7683634599279041,1.3014674072265624,16
0.7821713810824519,1.2784921875,16
0.767327150005339,1.30322509765625,16
0.7796313691229051,1.282657470703125,16
0.7713680096775046,1.2963980712890626,16
0.7830720321120711,1.277021728515625,16
0.7678774515579654,1.3022911376953126,16
0.7679873762075036,1.302104736328125,16
0.7570031104400264,1.32099853515625,16
0.7845053302214877,1.2746885986328125,16
0.7719504564609388,1.295419921875,16
0.781053875460235,1.2803214111328125,16
0.7693272818930861,1.2998369140625,16
0.77760313137136,1.2860030517578125,16
0.7641480253228506,1.30864697265625,16
0.7856162412348214,1.2728861083984375,16
0.7698152725260711,1.299012939453125,16
0.7851196818731851,1.273691162109375,16
0.7696918066438723,1.2992213134765624,16
0.7817874818760724,1.2791199951171874,16
0.7652957795320373,1.306684326171875,16
0.7850509885442163,1.2738026123046875,16
0.7692076560199513,1.3000390625,16
0.785715628490018,1.27272509765625,16
0.769820408754715,1.2990042724609374,16
0.7805709487729352,1.281113525390625,16
0.7653983154509926,1.30650927734375,16
0.7805522807571853,1.2811441650390625,16
0.771797145481124,1.29567724609375,16
0.7864134028958483,1.2715958251953126,16
0.7672461566746247,1.3033626708984376,16
0.7799769853470584,1.282089111328125,16
0.7680040800216751,1.302076416015625,16
0.779503102930473,1.2828685302734375,16
0.7715397520505562,1.2961094970703124,16
0.784457025888997,1.27476708984375,16
0.765667441992186,1.306050048828125,16
0.7787393510340636,1.284126708984375,16
0.7667037196455007,1.3042847900390624,16
0.7794174425479339,1.283009521484375,16
0.7694856122064915,1.2995694580078125,16
0.7843294198882464,1.2749744873046875,16
0.7673855879328616,1.3031258544921875,16
0.783095611748996,1.2769832763671876,16
0.7639049680585708,1.3090633544921875,16
0.7783176955639597,1.2848223876953124,16
0.7711355092746648,1.2967889404296875,16
0.7832370445116137,1.276752685546875,16
0.770438558418419,1.2979620361328126,16
0.7807483766733505,1.2808223876953124,16
0.7672927958212515,1.303283447265625,16
0.7839054414061304,1.2756640625,16
0.7697639140089515,1.299099609375,16
0.7715313956392654,1.29612353515625,16
0.7674291526212549,1.3030518798828126,16
0.7777895509594573,1.28569482421875,16
0.7677459720514974,1.30251416015625,16
0.7841065282228579,1.2753369140625,16
0.7702896136619589,1.2982130126953124,16
0.7808844965830584,1.28059912109375,16
0.7698401585539936,1.298970947265625,16
0.7793894864810841,1.2830555419921874,16
0.7668995949437052,1.30395166015625,16
0.7834992307514267,1.276325439453125,16
0.7686848020730468,1.30092333984375,16
0.38779964884060114,2.578651123046875,32
0.3917745704635642,2.55248828125,32
0.3888841786896217,2.571459716796875,32
0.38904027203185115,2.570427978515625,32
0.3913982588128631,2.5549423828125,32
0.39020274824292067,2.562770263671875,32
0.39071576915871337,2.5594052734375,32
0.3911259480936907,2.55672119140625,32
0.38890038795092413,2.5713525390625,32
0.38890068334863237,2.5713505859375,32
0.3902465050738715,2.56248291015625,32
0.38894307757287366,2.5710703125,32
0.391130019123928,2.556694580078125,32
0.3913649377719239,2.555159912109375,32
0.38814994148848114,2.576323974609375,32
0.38720484611065215,2.5826123046875,32
0.38688033619296713,2.584778564453125,32
0.3916571294267128,2.553253662109375,32
0.3914702680911877,2.554472412109375,32
0.3888068802111252,2.571970947265625,32
0.3897526269764769,2.56572998046875,32
0.38912317135384655,2.56988037109375,32
0.3891247979087582,2.56986962890625,32
0.39146910825133924,2.55447998046875,32
0.39041843019002015,2.5613544921875,32
0.38856713308319957,2.573557861328125,32
0.3905934865866039,2.56020654296875,32
0.38883781067984435,2.571766357421875,32
0.38938403742193545,2.56815869140625,32
0.39122879558553325,2.556049072265625,32
0.39106873854171464,2.55709521484375,32
0.3908895629146581,2.558267333984375,32
0.39047191333430126,2.561003662109375,32
0.3875636721885028,2.58022119140625,32
0.3895450150363805,2.567097412109375,32
0.39136591002272236,2.555153564453125,32
0.39094727976668386,2.5578896484375,32
0.3910162489398839,2.5574384765625,32
0.38879318822184444,2.5720615234375,32
0.38759334153247177,2.580023681640625,32
0.3916902005920489,2.5530380859375,32
0.39121553033964307,2.5561357421875,32
0.38939610520235474,2.5680791015625,32
0.39102931402422436,2.55735302734375,32
0.3878529310167201,2.578296875,32
0.38884692835609264,2.5717060546875,32
0.39161945832412687,2.553499267578125,32
0.39008401853584784,2.56355029296875,32
0.390841745829773,2.558580322265625,32
0.3914521229970095,2.5545908203125,32
0.3876588942446472,2.57958740234375,32
0.3882681590724031,2.57553955078125,32
0.390975454167721,2.557705322265625,32
0.38974580314373375,2.56577490234375,32
0.3915371014382201,2.554036376953125,32
0.39168353347507634,2.55308154296875,32
0.3888852124973808,2.571452880859375,32
0.38941961360941685,2.567924072265625,32
0.39000635379003623,2.564060791015625,32
0.3906339036467525,2.559941650390625,32
0.39127536185090056,2.555744873046875,32
0.3860119303697054,2.590593505859375,32
0.3860742927210386,2.590175048828125,32
0.3903364660312454,2.561892333984375,32
0.38943127631347013,2.56784716796875,32
0.391218930640876,2.556113525390625,32
0.39082970015652274,2.5586591796875,32
0.3888634298532999,2.571596923828125,32
0.3891843243851344,2.5694765625,32
0.3893235617174796,2.5685576171875,32
0.3877793092662119,2.578786376953125,32
0.3904104666606046,2.56140673828125,32
0.3906803283965749,2.559637451171875,32
0.3880198125038248,2.57718798828125,32
0.3899506592460529,2.564427001953125,32
0.38783519314637643,2.578414794921875,32
0.38856082988093493,2.573599609375,32
0.3911657656611466,2.5564609375,32
0.3908721057118191,2.558381591796875,32
0.3904515902466032,2.561136962890625,32
0.3846018056754306,2.600091796875,32
0.3854788897605664,2.59417578125,32
0.39147150276696574,2.55446435546875,32
0.38923010930562146,2.56917431640625,32
0.38973972123333595,2.56581494140625,32
0.39103409233025194,2.55732177734375,32
0.3882787223165376,2.575469482421875,32
0.38815700382215246,2.576277099609375,32
0.39148055729398246,2.5544052734375,32
0.3904341349243524,2.56125146484375,32
0.3902620472445746,2.562380859375,32
0.39155375719537383,2.553927734375,32
0.3885780075093459,2.57348583984375,32
0.38869567453645715,2.572706787109375,32
0.3912225552028779,2.55608984375,32
0.38972470269457143,2.565913818359375,32
0.39145380649165357,2.554579833984375,32
0.39082791015080076,2.5586708984375,32
0.3876237857538227,2.579821044921875,32
0.3884602643369673,2.574265869140625,32
0.3906902034622248,2.55957275390625,32
0.3906531652253065,2.5598154296875,32
0.3913248179422429,2.555421875,32
0.3883079122477207,2.57527587890625,32
0.38721560781411685,2.58254052734375,32
0.3912175480936836,2.55612255859375,32
0.3897817051160562,2.56553857421875,32
0.39087012881919053,2.55839453125,32
0.39123634409885977,2.555999755859375,32
0.3882192517509911,2.575864013671875,32
0.38870681437399085,2.572633056640625,32
0.38978841892548394,2.565494384765625,32
0.38918964937965295,2.56944140625,32
0.3908403286532049,2.558589599609375,32
0.3908936290255316,2.55824072265625,32
0.3885245627960413,2.57383984375,32
0.38876599163185,2.572241455078125,32
0.38970097205465365,2.566070068359375,32
0.38930457903353427,2.568682861328125,32
0.3904050337849044,2.5614423828125,32
0.3908758730531356,2.55835693359375,32
0.3887530404549929,2.5723271484375,32
0.3888183216964705,2.571895263671875,32
0.38871002365095514,2.57261181640625,32
0.39161975786693437,2.553497314453125,32
0.3907796607582232,2.55898681640625,32
0.385000218536501,2.597401123046875,32
0.38867413441008214,2.572849365234375,32
0.38806458849994846,2.576890625,32
0.38890902851929915,2.57129541015625,32
0.39152516256514747,2.5541142578125,32
0.390530512246173,2.560619384765625,32
0.38902257318677114,2.570544921875,32
0.39084913023186535,2.558531982421875,32
0.3882449366784452,2.575693603515625,32
0.38813453030889106,2.57642626953125,32
0.39097459581473915,2.5577109375,32
0.3903627295084584,2.561719970703125,32
0.38943949616265183,2.56779296875,32
0.39086233334316217,2.558445556640625,32
0.3881471092706132,2.5763427734375,32
0.38852891154042796,2.57381103515625,32
0.3908801999901898,2.55832861328125,32
0.39026015088471194,2.562393310546875,32
0.390686737816292,2.559595458984375,32
0.3868990101015024,2.58465380859375,32
0.38722483260750734,2.58247900390625,32
0.39125076929586994,2.555905517578125,32
0.39102535707794084,2.55737890625,32
0.3901865417460067,2.562876708984375,32
0.3907281432629158,2.55932421875,32
0.3879685790916004,2.5775283203125,32
0.38879529178014044,2.572047607421875,32
0.3910153530803724,2.5574443359375,32
0.3894262779261948,2.567880126953125,32
0.3904198070948696,2.561345458984375,32
0.39069773120606555,2.5595234375,32
0.38804815472965426,2.576999755859375,32
0.3879752305852544,2.577484130859375,32
0.38990741412374874,2.56471142578125,32
0.38879134301400997,2.57207373046875,32
0.39076049854018136,2.5591123046875,32
0.3908876977544857,2.558279541015625,32
0.3877805941942353,2.57877783203125,32
0.38768857817012314,2.579389892578125,32
0.3876201175219529,2.579845458984375,32
0.39118425781334687,2.556340087890625,32
0.3906000049015723,2.560163818359375,32
0.3878984031957676,2.57799462890625,32
0.38847260651651416,2.57418408203125,32
0.3887969525001372,2.57203662109375,32
0.3889866262105381,2.570782470703125,32
0.39111724608388604,2.556778076171875,32
0.3907487933627654,2.55918896484375,32
0.38829624311060934,2.575353271484375,32
0.3894656761028102,2.567620361328125,32
0.38846663796161235,2.5742236328125,32
0.3892848212468918,2.568813232421875,32
0.39081474665405425,2.558757080078125,32
0.3910385720982141,2.55729248046875,32
0.3893659001405748,2.5682783203125,32
0.38977154210979076,2.56560546875,32
0.3884749645146709,2.57416845703125,32
0.3888882031864907,2.57143310546875,32
0.39074320196501094,2.5592255859375,32
0.39088493735009594,2.558297607421875,32
0.3900857274336931,2.5635390625,32
0.38707154577154107,2.583501708984375,32
0.3874852115171654,2.58074365234375,32
0.39093321274468995,2.557981689453125,32
0.39101512911613584,2.55744580078125,32
0.38820626338960934,2.5759501953125,32
0.3900313101062198,2.563896728515625,32
0.3873868505997592,2.58139892578125,32
0.3881422909170061,2.576374755859375,32
0.3905348315403786,2.560591064453125,32
0.39094183194044396,2.55792529296875,32
0.39033073764028103,2.561929931640625,32
0.3908354059091909,2.558621826171875,32
0.38890847462519373,2.571299072265625,32
fps,inference_time,batch_size
fps,inference_time,batch_size
fps,inference_time,batch_size
fps,inference_time,batch_size
fps,inference_time,batch_size
fps,inference_time,batch_size
