0.3355580163507525,2.980110595703125,1
13.760402162534882,0.07267229461669922,1
14.036411869395145,0.07124327850341797,1
14.346055015466074,0.06970557403564454,1
14.529076442814928,0.06882749938964844,1
14.396019479525993,0.06946364593505859,1
14.35520412291556,0.06966114807128906,1
14.461119412799468,0.06915093994140625,1
14.30972332336861,0.06988255310058594,1
14.455644171812972,0.06917713165283203,1
14.362979735325014,0.0696234359741211,1
14.538966931592693,0.06878067779541015,1
14.162728313376297,0.07060786437988281,1
14.424789084562068,0.06932510375976562,1
14.344404924760601,0.06971359252929688,1
14.232575432476054,0.0702613525390625,1
14.328186436955683,0.0697925033569336,1
14.431705887048603,0.06929187774658203,1
14.110675008994653,0.07086833190917968,1
14.412304821918333,0.06938515472412109,1
14.087990394473834,0.07098244476318359,1
14.296085329759311,0.06994921875,1
14.069149992432592,0.07107749938964844,1
14.298544738642363,0.06993718719482422,1
14.442584468051159,0.06923968505859375,1
14.131831251237204,0.07076223754882813,1
14.332658027254052,0.0697707290649414,1
14.343879047936412,0.06971614837646484,1
14.098314316083536,0.07093046569824218,1
14.355944669066405,0.06965755462646485,1
14.234284913756122,0.07025291442871094,1
14.245807566389754,0.07019609069824219,1
14.35397004909756,0.0696671371459961,1
14.37261378447176,0.06957676696777344,1
14.40613016713252,0.06941489410400391,1
14.153165646740776,0.07065557098388672,1
14.286108222457916,0.0699980697631836,1
14.3826474201609,0.06952822875976562,1
14.291338896043353,0.06997245025634766,1
14.355826742590274,0.06965812683105468,1
14.339155734508134,0.0697391128540039,1
14.25247935749016,0.07016323089599609,1
14.268388571921236,0.07008499908447266,1
14.279403361660382,0.07003093719482421,1
14.351266832809035,0.06968025970458984,1
14.119485195503463,0.07082411193847657,1
14.800209257109033,0.06756661224365235,1
14.094950144727237,0.07094739532470704,1
14.22324390054928,0.07030744934082031,1
14.267857381949625,0.07008760833740234,1
14.376821411934344,0.06955640411376954,1
14.348875649682588,0.06969187164306641,1
14.226975353419398,0.07028900909423828,1
14.14000124493114,0.07072135162353516,1
14.829553252241004,0.06743291473388671,1
14.69162572177801,0.06806598663330078,1
14.56856552336609,0.06864093780517579,1
14.422427296978853,0.06933645629882812,1
14.262484026087531,0.070114013671875,1
14.381678457919612,0.06953291320800781,1
14.178385534135236,0.07052989196777344,1
14.503854467488601,0.06894718933105469,1
14.126549186843963,0.0707886962890625,1
14.32356893261261,0.06981500244140625,1
14.340611626998363,0.0697320327758789,1
14.491462141563737,0.06900614929199218,1
14.497820825065725,0.06897588348388672,1
14.28685100023871,0.06999443054199218,1
14.351900111335848,0.06967718505859374,1
14.242245744152234,0.07021364593505859,1
14.19739219104435,0.07043547058105469,1
14.113754891740744,0.07085286712646484,1
14.298193788349382,0.06993890380859374,1
14.424962122258465,0.06932427215576172,1
13.979385014566835,0.07153390502929688,1
14.33843731030467,0.06974260711669922,1
14.44883342359812,0.0692097396850586,1
14.410725013215401,0.06939276123046875,1
14.132620549187388,0.07075828552246094,1
14.22903103590151,0.07027885437011719,1
14.451661160410882,0.06919619750976562,1
14.420174161624946,0.0693472900390625,1
14.3496155430229,0.06968827819824219,1
14.45937734835812,0.06915927124023437,1
14.323825643442175,0.06981375122070313,1
14.10188643071068,0.0709124984741211,1
14.173203484390035,0.07055567932128906,1
14.384026917374591,0.06952156066894531,1
14.568233577226463,0.06864250183105469,1
14.151663526579174,0.07066307067871094,1
14.697630608102806,0.06803817749023437,1
14.270063166411962,0.07007677459716796,1
14.35338059827508,0.06966999816894531,1
14.275635031157158,0.07004942321777344,1
14.480893786855589,0.06905651092529297,1
14.342198070534918,0.06972431945800782,1
14.519913535439205,0.06887093353271484,1
14.158080709010134,0.07063104248046875,1
14.25900072767987,0.07013114166259765,1
14.339069457055652,0.06973953247070312,1
14.370558948872201,0.0695867156982422,1
14.23615251990283,0.07024369812011719,1
14.135014885915982,0.07074629974365235,1
14.326166206131226,0.0698023452758789,1
14.412520349251153,0.06938411712646485,1
14.166532194566305,0.07058890533447265,1
14.326487212490907,0.06980078125,1
14.154469372623275,0.07064906311035156,1
14.312998564026406,0.06986656188964843,1
14.407124597467872,0.06941010284423828,1
14.29258404275388,0.06996635437011718,1
14.343590224533347,0.0697175521850586,1
14.08631586934091,0.07099088287353515,1
14.335879489013047,0.06975505065917968,1
14.19572384577703,0.07044374847412109,1
14.468355384719148,0.06911635589599609,1
14.3916599698029,0.06948468780517578,1
14.236384458845343,0.0702425537109375,1
14.492644655549801,0.06900051879882813,1
14.528855804941418,0.06882854461669922,1
14.214935833672063,0.07034854125976563,1
14.448745821259827,0.0692101593017578,1
14.001741885400264,0.07141968536376953,1
14.369117447955636,0.06959369659423828,1
14.556117379574593,0.06869963836669922,1
14.354216846886526,0.0696659393310547,1
14.222696003436747,0.0703101577758789,1
14.131133451193403,0.07076573181152344,1
14.41850697741905,0.06935530853271485,1
14.223296377417391,0.07030718994140625,1
14.233872189444984,0.07025495147705078,1
14.463145968179578,0.06914125061035156,1
14.16467209397928,0.07059817504882812,1
14.291435507923737,0.06997197723388672,1
14.152830965710008,0.07065724182128906,1
14.186220992126318,0.07049093627929688,1
14.056923720232986,0.07113932037353515,1
14.168455577591676,0.0705793228149414,1
14.26919475155955,0.07008103942871094,1
14.382238672609962,0.06953020477294922,1
14.139979889106364,0.07072145843505859,1
13.996617882678374,0.07144583129882813,1
14.191578514275816,0.07046432495117187,1
14.379975988757744,0.06954114532470704,1
14.301718111294193,0.06992166900634765,1
14.352124836505766,0.06967609405517577,1
14.22009445418269,0.0703230209350586,1
14.14845100735067,0.07067911529541016,1
14.137762285357537,0.07073255157470704,1
13.972650608792966,0.0715683822631836,1
14.446463756483974,0.0692210922241211,1
14.155158778456624,0.07064562225341797,1
14.446072071871502,0.06922296905517578,1
13.954898694113117,0.071659423828125,1
14.208046550777517,0.07038265228271484,1
14.206132420767364,0.07039213562011719,1
14.252490205979974,0.07016317749023437,1
14.0482019497625,0.07118348693847656,1
14.486018337624623,0.06903208160400391,1
14.091298221268172,0.07096578216552735,1
14.30771922803899,0.06989234161376953,1
14.188023789013764,0.07048197937011719,1
13.938466443284536,0.07174390411376953,1
14.293456865650972,0.06996208190917969,1
14.216588652153032,0.07034036254882813,1
14.095756550523005,0.0709433364868164,1
14.512373638703767,0.0689067153930664,1
13.953762193919099,0.0716652603149414,1
14.258533831273871,0.07013343811035157,1
14.344307595395795,0.06971406555175781,1
14.104071545623183,0.07090151214599609,1
14.304051454075713,0.06991026306152344,1
14.202527311302251,0.07041000366210938,1
14.28727770416423,0.06999234008789063,1
14.146991114633563,0.07068640899658203,1
14.295862356079663,0.06995030975341797,1
14.433083686382586,0.06928526306152344,1
14.266936435765043,0.07009213256835937,1
14.144583560763373,0.07069844055175781,1
13.97588362500761,0.07155182647705079,1
14.494832334384387,0.06899010467529297,1
14.243841455542547,0.07020578002929688,1
14.197183049773109,0.07043650817871094,1
14.354517102773247,0.06966448211669922,1
14.12960554024731,0.07077338409423828,1
14.319990027399523,0.06983245086669922,1
14.14201050638134,0.0707113037109375,1
14.45318461420389,0.06918890380859374,1
14.277863440262264,0.07003849029541015,1
14.198421071274941,0.07043036651611329,1
14.338405939709164,0.06974275970458985,1
13.769639453580465,0.07262354278564453,1
14.016562325590995,0.07134416961669922,1
14.369440382039077,0.06959213256835937,1
14.110819324734338,0.07086760711669922,1
14.246134272032776,0.0701944808959961,1
14.151611576958025,0.070663330078125,1
14.399139777953208,0.06944859313964843,1
14.44231234343244,0.0692409896850586,1
14.302773093737441,0.06991651153564453,1
7.333551018288894,0.13635958862304687,2
7.726429503227696,0.12942588806152344,2
7.722671986059219,0.12948886108398439,2
7.495745498761136,0.13340901184082032,2
7.546808267587417,0.13250634765625,2
7.6032102494838165,0.1315233917236328,2
7.49351024005966,0.1334488067626953,2
7.561803109736144,0.13224359130859376,2
7.446357163812358,0.13429385375976563,2
7.542896946160294,0.13257505798339844,2
7.553969107290889,0.1323807373046875,2
7.549739855613068,0.13245489501953125,2
7.569658623827377,0.13210635375976562,2
7.514712145107698,0.13307229614257812,2
7.576965405469275,0.1319789581298828,2
7.542108745340703,0.13258891296386718,2
7.538360103008305,0.13265484619140624,2
7.699291537358294,0.129882080078125,2
7.47538953616563,0.1337722930908203,2
7.599566308929514,0.13158645629882812,2
7.490814790701587,0.133496826171875,2
7.593341875688457,0.13169432067871092,2
7.561023165555441,0.13225723266601563,2
7.561460228549104,0.13224958801269532,2
7.560484103556114,0.13226666259765624,2
7.580959502203401,0.131909423828125,2
7.4969047927638215,0.1333883819580078,2
7.617756383834678,0.13127224731445314,2
7.465031018106026,0.13395791625976564,2
7.593005805400725,0.13170014953613282,2
7.551655485217142,0.1324212951660156,2
7.511414229806685,0.13313072204589843,2
7.609270640448494,0.13141864013671875,2
7.524705365807508,0.13289556884765624,2
7.540968402748652,0.1326089630126953,2
7.556894934415086,0.13232948303222655,2
7.574774254135664,0.1320171356201172,2
7.574852175030681,0.13201577758789063,2
7.528659244767583,0.1328257751464844,2
7.6040298016334,0.13150921630859375,2
7.553817607854789,0.13238339233398438,2
7.54671006577692,0.13250807189941408,2
7.563867160967971,0.13220750427246095,2
7.501174633860474,0.1333124542236328,2
7.611979529331663,0.13137187194824218,2
7.5588856871941275,0.1322946319580078,2
7.5496450563222455,0.13245655822753907,2
7.5321030377352205,0.13276504516601562,2
7.520431139560594,0.13297109985351563,2
7.5807499200409945,0.13191307067871094,2
7.558665118702736,0.13229849243164063,2
7.549110224197146,0.1324659423828125,2
7.517916366162999,0.1330155792236328,2
7.465901849182313,0.13394229125976562,2
7.497115767955023,0.13338462829589845,2
7.471381516995068,0.13384405517578124,2
7.595432865846895,0.13165806579589845,2
7.59713044178839,0.13162864685058595,2
7.497390224998356,0.13337974548339843,2
7.559353021070936,0.1322864532470703,2
7.545096619742373,0.13253640747070314,2
7.5939269904916005,0.13168417358398438,2
7.539882187039837,0.13262806701660157,2
7.586836902802566,0.13180723571777345,2
7.598083459502375,0.13161213684082032,2
7.5272151738807835,0.13285125732421876,2
7.551922637042517,0.13241661071777344,2
7.5496537534057016,0.13245640563964844,2
7.573967123000805,0.13203120422363282,2
7.577054759875138,0.13197740173339845,2
7.554177211250348,0.13237709045410156,2
7.574535248356825,0.13202130126953124,2
7.539876114828484,0.132628173828125,2
7.558468971767499,0.1323019256591797,2
7.598808512019813,0.13159957885742188,2
7.501553284882749,0.13330572509765626,2
7.579412024244033,0.13193635559082031,2
7.563820019955207,0.13220832824707032,2
7.52021971305983,0.13297483825683593,2
7.558498611095894,0.13230140686035155,2
7.540257815699973,0.1326214599609375,2
7.550039924107907,0.13244963073730467,2
7.4615556710544215,0.1340203094482422,2
7.498846040919149,0.13335385131835936,2
7.603448421886506,0.13151927185058593,2
7.531656378291048,0.1327729187011719,2
7.589196743232215,0.13176625061035158,2
7.54794429198806,0.13248640441894532,2
7.588464736959237,0.13177896118164062,2
7.5933357170648215,0.13169442749023438,2
7.5842292562893405,0.13185255432128906,2
7.605370225073051,0.1314860382080078,2
7.621291937834652,0.13121134948730467,2
7.560492825630365,0.13226651000976564,2
7.533964689138887,0.13273223876953125,2
7.58734634946366,0.1317983856201172,2
7.591960834490133,0.13171827697753907,2
7.580875317180788,0.131910888671875,2
7.603574571092309,0.13151708984375,2
7.572154768853783,0.13206280517578126,2
7.481180326970594,0.13366874694824218,2
7.561019676233852,0.13225729370117187,2
7.569079865249682,0.132116455078125,2
7.509818420666942,0.13315901184082032,2
7.604993376266146,0.1314925537109375,2
7.496898789578469,0.13338848876953124,2
7.60607548277851,0.13147384643554688,2
7.4938349897236485,0.13344302368164063,2
7.56132064206153,0.13225202941894532,2
7.623579259760412,0.13117198181152342,2
7.437570923110639,0.13445249938964843,2
7.537555511492426,0.13266900634765624,2
7.565631879644392,0.13217666625976562,2
7.5841063811640685,0.1318546905517578,2
7.591888717479821,0.13171952819824218,2
7.531854598521557,0.13276942443847656,2
7.586830754726199,0.13180734252929688,2
7.47938222512306,0.1337008819580078,2
7.506779308065,0.13321292114257813,2
7.58786201428467,0.1317894287109375,2
7.473765527484585,0.13380136108398438,2
7.5782244456943255,0.13195703125,2
7.515471359707894,0.13305885314941407,2
7.577716223222574,0.13196588134765624,2
7.498254038137483,0.1333643798828125,2
7.592222050252132,0.1317137451171875,2
7.531086012343047,0.13278297424316407,2
7.668117114295264,0.13041011047363282,2
7.5063184518034936,0.13322109985351563,2
7.593245978253767,0.13169598388671874,2
7.4197883136749025,0.1347747344970703,2
7.540391420135433,0.13261911010742186,2
7.575497491691469,0.13200453186035158,2
7.7597480828854195,0.1288701629638672,2
7.570311800600094,0.13209495544433594,2
7.519447460132678,0.13298849487304687,2
7.603984805489591,0.13150999450683593,2
7.560195414255126,0.13227171325683593,2
7.5494102426429945,0.13246067810058593,2
7.569777533829869,0.13210427856445311,2
7.552658925237365,0.13240370178222657,2
7.62866859618343,0.13108447265625,2
7.559936397605405,0.1322762451171875,2
7.579172725710415,0.13194052124023437,2
7.5482085731644455,0.13248176574707032,2
7.591654786364815,0.13172358703613282,2
7.645406030953302,0.13079750061035156,2
7.494967120886651,0.13342286682128907,2
7.619075078046808,0.13124952697753905,2
7.60215364966827,0.1315416717529297,2
7.626286810803829,0.13112541198730468,2
7.619092793635192,0.13124922180175783,2
7.684617374392691,0.13013009643554688,2
7.6302238176477095,0.13105775451660157,2
7.5690676265979,0.13211666870117186,2
7.521043912081274,0.13296026611328124,2
7.546579713339134,0.13251036071777345,2
7.651713468456471,0.13068968200683595,2
7.703031764074906,0.12981901550292968,2
7.525578077528062,0.13288015747070311,2
7.653101143177313,0.13066598510742186,2
7.748252723847311,0.12906135559082033,2
7.672658824014242,0.13033291625976562,2
7.757795231186109,0.12890260314941407,2
7.691598991369602,0.13001197814941406,2
7.759845475635688,0.12886854553222657,2
7.754897160284836,0.12895077514648437,2
7.7310524274969055,0.12934849548339844,2
7.776342812175027,0.12859515380859374,2
7.700517366760522,0.1298614044189453,2
7.710815249050179,0.12968797302246093,2
7.744270792343742,0.1291277160644531,2
7.692054892276491,0.1300042724609375,2
7.784407452724419,0.12846192932128905,2
7.705681893940347,0.1297743682861328,2
7.770979962122165,0.12868389892578125,2
7.718719933403427,0.12955516052246094,2
7.711379591648468,0.12967848205566407,2
7.7716241088738895,0.12867323303222655,2
7.748128140627769,0.1290634307861328,2
7.728643660539234,0.12938880920410156,2
7.762904484268973,0.12881776428222655,2
7.696309562255952,0.12993240356445312,2
7.767087865892581,0.12874838256835938,2
7.73524536411694,0.12927838134765626,2
7.537034526072267,0.13267817687988281,2
7.555622064869793,0.13235177612304688,2
7.692347419537642,0.12999932861328126,2
7.548039048571152,0.1324847412109375,2
7.565420524066062,0.13218035888671875,2
7.551524091742444,0.13242359924316408,2
7.583294627705083,0.13186880493164063,2
7.549659841376043,0.132456298828125,2
7.6016633742286945,0.13155015563964845,2
7.518034518534222,0.13301348876953126,2
7.556481923582171,0.13233671569824218,2
7.597921376770807,0.1316149444580078,2
7.555072450235099,0.1323614044189453,2
7.600913974647306,0.13156312561035155,2
7.532643254815428,0.13275552368164062,2
5.013926852028029,0.19944447326660156,3
5.039204621341865,0.1984440155029297,3
5.210543782131594,0.19191854858398438,3
5.034370084583194,0.19863458251953126,3
5.160336089565091,0.19378582763671875,3
5.073180489217904,0.19711500549316407,3
5.157908613501182,0.1938770294189453,3
5.0664883830097,0.1973753662109375,3
5.133257439408748,0.19480807495117186,3
5.062160466377486,0.1975441131591797,3
5.164939004447289,0.19361312866210936,3
5.057433619447412,0.19772874450683595,3
5.189746133545688,0.1926876525878906,3
5.069746141373634,0.19724853515625,3
5.1610184033745075,0.19376020812988282,3
5.080671632291352,0.19682437133789063,3
5.151762224036882,0.19410833740234376,3
5.067130040203953,0.19735037231445313,3
5.1613029234178605,0.19374952697753905,3
4.9771117866476455,0.20091973876953126,3
5.080727957547516,0.1968221893310547,3
4.96331286592845,0.20147833251953126,3
5.093864891482941,0.19631459045410157,3
4.981857754946966,0.20072833251953126,3
5.088843950479125,0.19650828552246094,3
4.985290820929124,0.20059010314941406,3
5.088493479513643,0.1965218200683594,3
4.969737652511782,0.20121786499023436,3
5.057416056740355,0.19772943115234376,3
4.985795625286906,0.20056979370117187,3
5.1058070530660045,0.19585542297363281,3
4.963403833520577,0.20147463989257813,3
5.115180940081528,0.19549650573730468,3
5.0229460863351045,0.1990863494873047,3
5.115063564046355,0.19550099182128905,3
4.978313313782474,0.20087124633789064,3
5.116629819842883,0.19544114685058595,3
4.973692614625036,0.201057861328125,3
5.053823341976408,0.1978699951171875,3
4.965816066585095,0.20137677001953125,3
5.116426495869291,0.19544891357421876,3
4.969293743979463,0.20123583984375,3
5.10932908636985,0.19572041320800782,3
4.927476190995341,0.20294364929199218,3
5.094254117277602,0.19629959106445313,3
4.968081501522581,0.20128494262695312,3
5.125645017016006,0.19509739685058594,3
4.972770258560379,0.20109515380859375,3
5.075526099082269,0.19702391052246093,3
4.98702981115475,0.20052015686035157,3
5.094422021435191,0.19629312133789062,3
4.978917320996656,0.2008468780517578,3
5.1231967947499735,0.19519062805175783,3
4.962439070302912,0.20151380920410156,3
5.115382567953895,0.19548880004882813,3
4.946203545755326,0.20217526245117187,3
5.066056785660561,0.19739218139648437,3
5.00435406904628,0.19982598876953125,3
5.055952536258075,0.1977866668701172,3
4.980991803815077,0.20076322937011717,3
5.087949890649759,0.19654281616210936,3
4.999216202598851,0.20003135681152343,3
5.0898679815492285,0.19646875,3
4.989515591551018,0.20042025756835938,3
5.128483232459443,0.19498942565917968,3
4.999100274845249,0.20003599548339843,3
5.07868647263464,0.19690130615234375,3
4.995337832054174,0.20018666076660158,3
5.056555633492613,0.19776307678222657,3
4.968869504852336,0.20125302124023436,3
5.149791948751021,0.19418260192871092,3
5.008564143339578,0.19965802001953126,3
5.049798334774754,0.1980277099609375,3
4.954670016149399,0.20182978820800782,3
5.120750910113928,0.19528385925292968,3
4.958128342864986,0.20168901062011718,3
5.09587422048738,0.1962371826171875,3
4.981245083247508,0.20075302124023436,3
5.087547014551707,0.19655838012695312,3
4.989388337807232,0.2004253692626953,3
5.052608855711612,0.19791755676269532,3
4.998869960655714,0.2000452117919922,3
5.080983603252834,0.19681228637695314,3
4.959946029102901,0.20161509704589844,3
5.094229962165611,0.19630052185058594,3
4.977296250288981,0.20091229248046874,3
5.123932618284534,0.19516259765625,3
4.960313555758266,0.20160015869140624,3
5.089450968176875,0.19648484802246094,3
4.987406676379284,0.2005050048828125,3
5.072209091170126,0.19715275573730467,3
4.962913700461926,0.20149453735351563,3
5.116745669804853,0.1954367218017578,3
4.967134119139367,0.20132333374023437,3
5.1205340557003405,0.19529212951660158,3
4.981300740027498,0.2007507781982422,3
5.1032477917411425,0.19595364379882813,3
4.97536950674559,0.20099009704589843,3
5.124274365421845,0.1951495819091797,3
4.990768342707143,0.2003699493408203,3
5.102359389653926,0.1959877624511719,3
4.965185515622879,0.20140234375,3
5.096051345578859,0.19623036193847657,3
4.955806765580645,0.2017834930419922,3
5.093356968035019,0.19633416748046875,3
4.967344952000877,0.20131478881835937,3
5.133048771404119,0.1948159942626953,3
4.947181051910073,0.20213531494140624,3
5.0639988978137165,0.19747239685058593,3
4.979236214218387,0.20083401489257813,3
5.081444539556117,0.19679443359375,3
5.008403381895037,0.1996644287109375,3
5.071076786700309,0.19719677734375,3
4.934598647473013,0.20265072631835937,3
5.18748143327921,0.1927717742919922,3
4.977132575923561,0.20091889953613282,3
5.110072884972054,0.19569192504882812,3
4.98471104785569,0.20061343383789063,3
5.054533523844987,0.19784219360351563,3
5.010413642000991,0.19958432006835938,3
5.089277068099289,0.19649156188964845,3
5.0046189021957295,0.19981541442871092,3
5.081093905183823,0.19680801391601563,3
5.002811486008143,0.19988760375976564,3
5.0544629644669,0.19784495544433595,3
4.977620228752092,0.20089921569824218,3
5.07303597314765,0.19712062072753905,3
4.965981631566233,0.20137005615234374,3
5.071973169063812,0.19716192626953125,3
4.997530059835235,0.20009884643554687,3
5.060818081675346,0.1975965118408203,3
4.986901545752287,0.2005253143310547,3
5.078929711041325,0.19689187622070312,3
5.003443608458856,0.1998623504638672,3
5.099854776779413,0.19608401489257812,3
4.955064859437007,0.20181370544433594,3
5.116475627686773,0.19544703674316405,3
4.952112925947187,0.2019340057373047,3
5.102214398107098,0.1959933319091797,3
4.986253868310734,0.2005513610839844,3
5.092369519103807,0.19637223815917967,3
4.983881626727525,0.20064682006835938,3
5.060416755464874,0.1976121826171875,3
4.953428580412189,0.20188037109375,3
5.1536140449823,0.19403858947753908,3
4.956244519457321,0.2017656707763672,3
5.119425264523038,0.1953344268798828,3
4.956844307846836,0.2017412567138672,3
5.113017535428181,0.1955792236328125,3
4.943078716808866,0.20230307006835938,3
5.125531569773817,0.19510171508789062,3
5.001376721741641,0.1999449462890625,3
5.079938730060276,0.19685276794433593,3
4.965293480468742,0.20139796447753905,3
5.125226529835464,0.1951133270263672,3
4.964974866026893,0.201410888671875,3
5.125412515701151,0.1951062469482422,3
4.9499027783987986,0.202024169921875,3
5.100221897318967,0.19606990051269532,3
4.956441309022045,0.20175765991210937,3
5.087728695873595,0.19655136108398438,3
5.0065959089779835,0.19973651123046876,3
5.0594564882573145,0.19764968872070313,3
4.946668727778636,0.20215625,3
5.094650531429981,0.19628431701660157,3
4.959160478057743,0.20164703369140624,3
5.0773140686286515,0.19695452880859374,3
4.951742497905355,0.20194911193847656,3
5.097811774252566,0.19616259765625,3
5.0070713728471965,0.19971754455566407,3
5.061446576198149,0.1975719757080078,3
4.993459114110553,0.20026197814941407,3
5.069141070028417,0.19727207946777345,3
5.0000221253420465,0.19999911499023437,3
5.061678783436132,0.1975629119873047,3
4.991567741932536,0.20033786010742188,3
5.076193245446987,0.19699801635742187,3
4.953555129691445,0.20187521362304686,3
5.0848130933937155,0.1966640625,3
4.977509080862877,0.20090370178222655,3
5.085521357117809,0.19663667297363283,3
5.0026942458100265,0.1998922882080078,3
5.060107304912233,0.197624267578125,3
4.978891599480322,0.20084791564941407,3
5.0670567780814535,0.1973532257080078,3
5.003014664445479,0.19987948608398437,3
5.0450149184977136,0.19821546936035156,3
4.935247840396061,0.2026240692138672,3
5.112445961681774,0.19560108947753907,3
4.975410678639154,0.2009884338378906,3
5.104689918284146,0.19589828491210937,3
4.969426380665825,0.20123046875,3
5.071627372827218,0.1971753692626953,3
4.972160951557013,0.20111979675292968,3
5.048028522100607,0.19809713745117188,3
4.942072270869238,0.20234426879882814,3
5.101311663552554,0.19602801513671875,3
4.968999481612404,0.2012477569580078,3
5.114725838566934,0.19551390075683595,3
4.9643652114169186,0.2014356231689453,3
3.825797771888442,0.2613833923339844,4
3.9783205327074147,0.2513623504638672,4
3.86912971030647,0.2584560546875,4
3.946974098946092,0.253358642578125,4
3.835452890811089,0.26072540283203127,4
3.9549334560238147,0.2528487548828125,4
3.8296891603247567,0.2611177978515625,4
3.9568351404828626,0.25272723388671875,4
3.814534110675038,0.26215521240234374,4
3.9385689970147024,0.2538993225097656,4
3.835198361613747,0.2607427062988281,4
3.9329827799975754,0.25425994873046875,4
3.8347845432249428,0.2607708435058594,4
3.950449871825575,0.25313572692871095,4
3.8131181131023335,0.2622525634765625,4
3.9681751577315714,0.2520050048828125,4
3.8246671186826844,0.26146066284179686,4
3.9527343777094153,0.2529894256591797,4
3.826434393255349,0.26133990478515623,4
3.944512952322529,0.2535167236328125,4
3.842618233978722,0.2602392272949219,4
3.9473449623889145,0.2533348388671875,4
3.8562982831658363,0.2593160400390625,4
3.945077841786703,0.2534804229736328,4
3.852566892614636,0.25956719970703124,4
3.947294558905975,0.25333807373046874,4
3.832325468848204,0.26093817138671876,4
3.964286818232163,0.2522521820068359,4
3.825893809963483,0.2613768310546875,4
3.9314244304890553,0.25436073303222656,4
3.871934078809834,0.25826885986328124,4
3.934265776414168,0.2541770324707031,4
3.8722420113442224,0.25824832153320315,4
3.9398532726885134,0.2538165588378906,4
3.8642653220042247,0.2587814025878906,4
3.96463959625721,0.252229736328125,4
3.845280501407304,0.26005905151367187,4
3.9493852437405748,0.2532039642333984,4
3.8672082268812513,0.25858447265625,4
3.925139417135723,0.2547680206298828,4
3.8593413302855595,0.259111572265625,4
3.917621393598644,0.2552569274902344,4
3.8647561787978115,0.25874853515625,4
3.9143532157860674,0.2554700469970703,4
3.8600942028848926,0.25906103515625,4
3.9226077440737863,0.2549324493408203,4
3.842631301825039,0.26023834228515624,4
3.950966918609937,0.2531026000976562,4
3.844307877346775,0.2601248474121094,4
3.9348761663200875,0.25413760375976563,4
3.8544489136718956,0.2594404602050781,4
3.9386714904814935,0.2538927154541016,4
3.868951545774132,0.2584679565429687,4
3.92429304821211,0.2548229675292969,4
3.8561993511963415,0.2593226928710938,4
3.9587850463563723,0.2526027526855469,4
3.8388138664967193,0.26049713134765623,4
3.9583214170761685,0.25263233947753905,4
3.831371034049252,0.261003173828125,4
3.9573643745542486,0.2526934356689453,4
3.835830482233238,0.26069973754882814,4
3.9275418392037906,0.2546121826171875,4
3.8584688020754343,0.259170166015625,4
3.934616538489641,0.2541543731689453,4
3.839701823155296,0.2604368896484375,4
3.943484979032485,0.2535828094482422,4
3.8909142853003873,0.2570090026855469,4
4.007443023144182,0.24953567504882812,4
3.8811832966037514,0.25765338134765625,4
4.0076412784361,0.24952333068847657,4
3.868273300213919,0.25851327514648437,4
4.010345781564293,0.24935505676269532,4
3.9122020576907732,0.25561051940917967,4
4.0005784527804344,0.24996385192871093,4
3.8834127622870938,0.2575054626464844,4
4.004549357738989,0.2497159881591797,4
3.847430952187498,0.2599136962890625,4
4.011404984557536,0.24928921508789062,4
3.853976082954577,0.2594722900390625,4
3.9557174047461365,0.25279864501953125,4
3.824214508930733,0.26149160766601565,4
3.9508001913668847,0.25311328125,4
3.8748520235305497,0.25807437133789063,4
3.9359731708078787,0.2540667724609375,4
3.8490018530839,0.2598076171875,4
3.906997995231192,0.25595098876953126,4
3.8583334137937775,0.25917926025390625,4
3.929331038825287,0.25449624633789064,4
3.886485401721307,0.2573018798828125,4
4.0098157764493445,0.2493880157470703,4
3.908572002479357,0.25584791564941406,4
3.979027291272436,0.2513177032470703,4
3.902861995571643,0.25622222900390623,4
3.981899660697625,0.25113641357421873,4
3.9041863486445085,0.25613531494140623,4
3.9739252389548727,0.25164036560058595,4
3.9172233141253745,0.25528286743164064,4
3.983095910161058,0.2510609893798828,4
3.8829507439498054,0.25753610229492185,4
3.9950919670951115,0.25030712890625,4
3.8988358700514962,0.25648681640625,4
3.940133727426869,0.2537984924316406,4
3.8653210234749125,0.25871072387695315,4
3.919280851194888,0.2551488494873047,4
3.869418463058673,0.258436767578125,4
3.9335106102031197,0.254225830078125,4
3.8734627844721996,0.25816693115234374,4
3.9651298964840693,0.25219854736328123,4
3.8423375220534557,0.26025823974609374,4
3.9555080189632132,0.2528120269775391,4
3.842063157899674,0.2602768249511719,4
3.914195876309595,0.25548031616210937,4
3.810984562884095,0.26239938354492187,4
3.904870732786507,0.2560904235839844,4
3.807921238504071,0.2626104736328125,4
3.8990256124622227,0.25647433471679687,4
3.7915420194913585,0.26374493408203126,4
3.939984257136878,0.25380812072753905,4
3.8053373898205134,0.2627887878417969,4
3.924951590906205,0.2547802124023438,4
3.795823435827207,0.26344744873046877,4
3.9034845341936695,0.25618136596679686,4
3.79061129622526,0.2638096923828125,4
3.9174392036580623,0.255268798828125,4
3.8369920081011495,0.26062081909179685,4
3.916284635299579,0.25534405517578124,4
3.818821798843609,0.2618608703613281,4
3.903677519639901,0.256168701171875,4
3.812232650432413,0.2623134765625,4
3.91293644756169,0.25556254577636717,4
3.7985907608507277,0.2632555236816406,4
3.9216479442524723,0.2549948425292969,4
3.8004464086372938,0.26312698364257814,4
3.8947217534615457,0.25675775146484375,4
3.8338131839743617,0.2608369140625,4
3.8912146163749024,0.25698916625976564,4
3.825357398560845,0.2614134826660156,4
3.9240106147552765,0.25484130859375,4
3.8129015892520113,0.2622674560546875,4
3.9296969445490952,0.2544725494384766,4
3.7851991873280846,0.2641868896484375,4
3.9341432015879207,0.25418495178222655,4
3.819824314659893,0.26179214477539064,4
3.887642297045152,0.2572253112792969,4
3.8732938352240187,0.2581781921386719,4
3.900274940340719,0.2563921813964844,4
3.817443531414865,0.26195541381835935,4
3.8857019260597214,0.257353759765625,4
3.825294879126962,0.26141775512695314,4
3.9049423953070144,0.2560857238769531,4
3.787418645570178,0.26403207397460937,4
3.9009347338666798,0.25634881591796876,4
3.84354131284946,0.26017672729492186,4
3.880201157547558,0.2577185974121094,4
3.8222789591755224,0.2616240234375,4
3.887494246109896,0.257235107421875,4
3.82693713875018,0.2613055725097656,4
3.8882240019517065,0.25718682861328124,4
3.818585936887286,0.26187704467773437,4
3.9208840080987883,0.2550445251464844,4
3.8089047562256786,0.26254266357421874,4
3.931970243116067,0.25432542419433596,4
3.8061904723739315,0.2627298889160156,4
3.9091233795593223,0.2558118286132812,4
3.7956343718044416,0.2634605712890625,4
3.905255135271063,0.25606521606445315,4
3.818585936887286,0.26187704467773437,4
3.880138670434393,0.25772274780273435,4
3.8067630919633944,0.26269036865234374,4
3.907888650694945,0.2558926544189453,4
3.79947562412834,0.2631942138671875,4
3.9478935401254622,0.2532996368408203,4
3.8057820058566394,0.26275808715820315,4
3.911311769553455,0.255668701171875,4
3.7954000464927238,0.26347683715820314,4
3.913798492647713,0.2555062561035156,4
3.8326450642940006,0.26091641235351565,4
3.923518450612526,0.25487327575683594,4
3.785367972469211,0.26417510986328124,4
3.9289699121695127,0.25451963806152345,4
3.810444791052897,0.26243655395507814,4
3.9289715609988183,0.25451953125,4
3.7857501996391707,0.2641484375,4
3.9246925659486207,0.25479702758789063,4
3.788402549217555,0.2639635009765625,4
3.88394072059617,0.257470458984375,4
3.8196760409281647,0.26180230712890623,4
3.888065757291814,0.25719729614257814,4
3.8132081907171975,0.26224636840820315,4
3.9194671974278497,0.25513671875,4
3.8153149125160213,0.2621015625,4
3.912765672645711,0.25557369995117185,4
3.7990884181946742,0.2632210388183594,4
3.9106991001203055,0.2557087554931641,4
3.806826333879163,0.26268600463867187,4
3.8893920890135236,0.2571095886230469,4
3.8112318985966667,0.26238235473632815,4
3.8821208596822063,0.25759115600585936,4
3.8209592347447026,0.2617143859863281,4
3.899260380465857,0.25645889282226564,4
3.1499293505683537,0.3174674377441406,5
3.151224946376861,0.3173369140625,5
3.134455894786815,0.3190346374511719,5
3.1609069279405246,0.31636489868164064,5
3.14462692774901,0.31800274658203126,5
3.169300189927819,0.3155270690917969,5
3.1365969397312585,0.3188168640136719,5
3.1573842543767903,0.31671786499023435,5
3.156303991913512,0.3168262634277344,5
3.155400083796056,0.3169170227050781,5
3.1581836742876352,0.3166376953125,5
3.160998099040877,0.31635577392578124,5
3.1351171583561377,0.31896734619140626,5
3.1678662659269436,0.31566989135742185,5
3.1341605905321726,0.319064697265625,5
3.162785687583991,0.31617697143554685,5
3.1377223399166003,0.3187025146484375,5
3.1676473084568104,0.31569171142578123,5
3.13482442859387,0.3189971313476562,5
3.1483921946622604,0.3176224365234375,5
3.1666931298665997,0.31578683471679686,5
3.150164944320777,0.3174436950683594,5
3.1439157966321685,0.3180746765136719,5
3.1633829159752476,0.3161172790527344,5
3.137756892594164,0.31869900512695315,5
3.165178401096144,0.3159379577636719,5
3.1369827946526545,0.31877764892578125,5
3.1676690497331195,0.31568954467773436,5
3.1679899979378288,0.3156575622558594,5
3.1377520852195384,0.31869949340820314,5
3.1690108494715012,0.3155558776855469,5
3.1425547738915154,0.3182124328613281,5
3.161107267343933,0.3163448486328125,5
3.164435331584885,0.31601214599609373,5
3.147611631523876,0.31770120239257815,5
3.165738914262075,0.31588201904296875,5
3.1306652424789467,0.3194209289550781,5
3.133291789423438,0.3191531677246094,5
3.153425992167632,0.31711541748046873,5
3.1380414553203533,0.31867010498046877,5
3.1689023604202857,0.3155666809082031,5
3.1398422777348025,0.3184873352050781,5
3.166481066244469,0.3158079833984375,5
3.141730713179008,0.3182958984375,5
3.1561094286168627,0.3168457946777344,5
3.162116363720582,0.316243896484375,5
3.163283667617351,0.316127197265625,5
3.1557133840268587,0.31688555908203125,5
3.163582347658468,0.31609735107421877,5
3.1401964309398283,0.318451416015625,5
3.163589067081064,0.3160966796875,5
3.1580914479889763,0.3166469421386719,5
3.1667616817584268,0.31577999877929686,5
3.1351402551415566,0.3189649963378906,5
3.1318324851924193,0.3193018798828125,5
3.166209678486906,0.31583505249023436,5
3.1455968411941093,0.31790469360351564,5
3.158209547319122,0.31663510131835937,5
3.151640174409736,0.31729510498046876,5
3.1587301418989724,0.31658291625976565,5
3.153668786628629,0.31709100341796875,5
3.1483873546436216,0.3176229248046875,5
3.1695055801501972,0.31550662231445314,5
3.158544108574954,0.3166015625,5
3.1279702376992007,0.31969613647460937,5
3.169541142951935,0.31550308227539064,5
3.128782613486401,0.3196131286621094,5
3.1682414732168147,0.31563250732421877,5
3.135179550454595,0.31896099853515625,5
3.172434825333588,0.3152153015136719,5
3.138586685833296,0.31861474609375,5
3.1432918231054203,0.3181378173828125,5
3.1200086455317693,0.32051193237304687,5
3.16877579924846,0.31557928466796875,5
3.133069197344158,0.3191758422851563,5
3.1685227072303586,0.3156044921875,5
3.126427885355279,0.31985385131835936,5
3.155064669293512,0.31695071411132814,5
3.1419015158466688,0.3182785949707031,5
3.159691714063328,0.316486572265625,5
3.168534349801628,0.31560333251953127,5
3.137223664286431,0.318753173828125,5
3.1679241492536216,0.31566412353515627,5
3.1308949717929946,0.3193974914550781,5
3.1248208983078114,0.32001834106445315,5
3.184877740175287,0.3139837951660156,5
3.1778718945607554,0.31467599487304687,5
3.195591706206848,0.31293109130859376,5
3.170732037727531,0.3153845825195313,5
3.169404721027967,0.31551666259765626,5
3.1958559984426445,0.31290521240234376,5
3.168049723530426,0.315651611328125,5
3.196500393953456,0.31284213256835935,5
3.170031132437705,0.3154543151855469,5
3.1915063543779776,0.3133316650390625,5
3.1670301032164954,0.3157532348632813,5
3.164465279921136,0.3160091552734375,5
3.159159533217982,0.3165398864746094,5
3.1442443191446365,0.31804144287109376,5
3.1458535321393466,0.3178787536621094,5
3.162398647719426,0.31621566772460935,5
3.138574360448906,0.3186159973144531,5
3.1574533165593626,0.3167109375,5
3.141515955934793,0.3183176574707031,5
3.1863333061387773,0.31384036254882813,5
3.17224379615197,0.3152342834472656,5
3.1653933480371625,0.31591650390625,5
3.1884726128320646,0.31362979125976564,5
3.179416075320957,0.3145231628417969,5
3.1950613836347492,0.3129830322265625,5
3.186920864323905,0.3137825012207031,5
3.1792368512049625,0.3145408935546875,5
3.19721773366946,0.3127719421386719,5
3.1765512200465507,0.31480682373046875,5
3.1646831864133413,0.31598739624023436,5
3.163000920289636,0.3161554565429687,5
3.1227208916679445,0.32023355102539064,5
3.167832884440999,0.3156732177734375,5
3.132246809730918,0.3192596435546875,5
3.1620861546888146,0.3162469177246094,5
3.1458650087128595,0.3178775939941406,5
3.1631019829139597,0.31614535522460935,5
3.1529635721476157,0.31716192626953127,5
3.156866536357289,0.31676980590820314,5
3.1442189761214765,0.3180440063476562,5
3.151018888419621,0.317357666015625,5
3.1232435448471105,0.3201799621582031,5
3.169859404237075,0.3154714050292969,5
3.1308994590293406,0.31939703369140626,5
3.1709612411727566,0.31536178588867186,5
3.1367434633388798,0.3188019714355469,5
3.1636782548483406,0.3160877685546875,5
3.154687716916069,0.31698858642578126,5
3.136228589411132,0.3188543090820313,5
3.167831659445722,0.31567333984375,5
3.142945713592933,0.3181728515625,5
3.146402689421498,0.31782327270507815,5
3.1525064436950783,0.31720791625976563,5
3.147998084378607,0.3176622009277344,5
3.166529719023637,0.3158031311035156,5
3.120718809121207,0.32043899536132814,5
3.1422157569155504,0.31824676513671873,5
3.174939680215518,0.3149666137695312,5
3.1308623649285323,0.31940081787109376,5
3.1696625530119,0.3154909973144531,5
3.1360845150276138,0.31886895751953126,5
3.1706283394259813,0.3153948974609375,5
3.127738847551176,0.31971978759765624,5
3.148537704671045,0.31760775756835935,5
3.169446106213393,0.3155125427246094,5
3.148883231379975,0.3175729064941406,5
3.1576325272382904,0.3166929626464844,5
3.162232933274067,0.31623223876953127,5
3.13346407283774,0.3191356201171875,5
3.1644854495282533,0.31600714111328126,5
3.1309311691994646,0.319393798828125,5
3.166074460915628,0.31584854125976564,5
3.139087599205342,0.31856390380859373,5
3.1399848922723965,0.31847286987304685,5
3.173824932676808,0.31507723999023435,5
3.130175684549209,0.31947088623046876,5
3.1526602206207914,0.31719244384765627,5
3.153121338013491,0.31714605712890626,5
3.1454277500486914,0.3179217834472656,5
3.162203637499211,0.31623516845703126,5
3.1367710881756423,0.3187991638183594,5
3.1645850789349965,0.3159971923828125,5
3.1618448083044743,0.31627105712890624,5
3.1365621123627814,0.3188204040527344,5
3.1661940758700027,0.3158366088867188,5
3.1330584130669035,0.3191769409179688,5
3.1697572961103533,0.3154815673828125,5
3.1294304270448188,0.3195469665527344,5
3.1645737709873445,0.3159983215332031,5
3.135788903835647,0.3188990173339844,5
3.1356445697885698,0.3189136962890625,5
3.142225097736645,0.3182458190917969,5
3.1636251081075812,0.31609307861328123,5
3.1379675301567795,0.3186776123046875,5
3.16503899166154,0.3159518737792969,5
3.1347215662587327,0.3190075988769531,5
3.1668513545615204,0.31577105712890624,5
3.134356654357404,0.31904473876953127,5
3.162628174125613,0.3161927185058594,5
3.1616001432600065,0.3162955322265625,5
3.1350937619594337,0.3189697265625,5
3.1528231131337963,0.31717605590820314,5
3.1542850454083053,0.317029052734375,5
3.1330167744708852,0.3191811828613281,5
3.163813878761663,0.31607421875,5
3.1340017188805813,0.31908087158203124,5
3.1371395659473307,0.31876171875,5
3.1366726018521187,0.31880917358398436,5
3.140906482404243,0.3183794250488281,5
3.164361379958221,0.31601953125,5
3.140352018817578,0.31843563842773437,5
3.163949819802205,0.31606063842773435,5
3.14696201191981,0.31776678466796876,5
3.1643885766422195,0.31601681518554686,5
3.1399668390831197,0.3184747009277344,5
1.9265976184929852,0.5190497436523438,8
1.9828780705473261,0.5043174438476562,8
1.91730812934434,0.5215645751953125,8
1.9846058590812343,0.5038783874511719,8
1.9159335059747213,0.5219387817382812,8
1.982514450036467,0.5044099426269532,8
1.9380736725869157,0.5159762573242187,8
1.9732706376690787,0.5067728576660157,8
1.9319191867261682,0.5176199951171875,8
1.9688432715315944,0.5079124450683594,8
1.9203369591257968,0.520741943359375,8
1.9846298990478224,0.5038722839355468,8
1.9212636060677877,0.5204907836914062,8
1.9806805071310964,0.5048769836425782,8
1.921624823864741,0.5203929443359375,8
1.9870317797135626,0.5032632141113281,8
1.9285749262659098,0.518517578125,8
1.985451213601601,0.5036638488769531,8
1.9328134964742432,0.5173804931640625,8
1.9753738971411816,0.5062332763671875,8
1.9253958466494598,0.5193737182617187,8
1.9820105685052063,0.5045381774902343,8
1.914828019599873,0.5222401123046875,8
1.9869951506961305,0.5032724914550781,8
1.9130065412820716,0.5227373657226563,8
1.986067946701035,0.5035074462890625,8
1.9195618749986085,0.5209522094726563,8
1.964507451075563,0.509033447265625,8
1.9346075718679436,0.5169006958007812,8
1.9754096225983773,0.50622412109375,8
1.9385373390285756,0.5158528442382813,8
1.974832219416588,0.5063721313476562,8
1.9282262954328906,0.518611328125,8
1.9791888007679022,0.5052575073242187,8
1.9166161991268775,0.5217528686523437,8
1.9816247363467883,0.5046364135742187,8
1.9353678793664788,0.5166976318359375,8
1.9703509326816806,0.5075238037109375,8
1.9297881720616286,0.5181915893554687,8
1.9724241048909712,0.5069903564453125,8
1.9301837550485603,0.5180853881835937,8
1.9697004670344467,0.50769140625,8
1.9361223784384223,0.5164962768554687,8
1.9691643809364359,0.5078296203613282,8
1.915178538030508,0.52214453125,8
1.9762390544834776,0.5060116577148438,8
1.923591932231894,0.5198607788085937,8
1.96636571293809,0.5085523986816406,8
1.9467372960954872,0.5136799926757812,8
1.9704922869190231,0.5074873962402344,8
1.9360441338654462,0.5165171508789063,8
1.980086498261019,0.5050284423828125,8
1.9452668122688108,0.5140682983398438,8
1.9941888091732687,0.50145703125,8
1.9355427866121966,0.5166509399414062,8
1.9926262854577017,0.5018502502441406,8
1.9290070311505674,0.5184014282226562,8
1.9736980402216868,0.5066631164550781,8
1.9239226227067259,0.5197714233398437,8
1.9730299189683695,0.5068346862792968,8
1.935369479681633,0.5166972045898437,8
1.960437898935621,0.5100901184082032,8
1.9267779683570465,0.5190011596679688,8
1.9971982662992784,0.500701416015625,8
1.9255083076328587,0.5193433837890625,8
1.992192705734266,0.50195947265625,8
1.9266510855345358,0.5190353393554688,8
1.9948397644715676,0.5012933959960938,8
1.9207676317828424,0.5206251831054688,8
1.9777215414181109,0.5056323547363282,8
1.9378623216475332,0.5160325317382812,8
1.977022900837049,0.50581103515625,8
1.9251849894322806,0.5194306030273438,8
1.9795600517193894,0.5051627502441406,8
1.919865084480977,0.5208699340820313,8
1.9870807008364741,0.5032508239746094,8
1.9193219395460448,0.521017333984375,8
1.9817656753201591,0.5046005249023438,8
1.922191147737237,0.5202396240234375,8
1.9664684955159741,0.5085258178710937,8
1.9336433645961042,0.517158447265625,8
1.9698017039433966,0.5076653137207031,8
1.9284099010383446,0.5185619506835938,8
1.974613846630089,0.5064281311035156,8
1.920868292495342,0.520597900390625,8
1.9784352489925487,0.505449951171875,8
1.9122927133757543,0.5229324951171875,8
1.9825194877466827,0.5044086608886719,8
1.9397808393364442,0.5155221557617188,8
1.9672555925970243,0.5083223571777343,8
1.9275384825340356,0.51879638671875,8
1.9679400181875901,0.5081455688476563,8
1.9328529435601987,0.5173699340820312,8
1.9735095133842768,0.5067115173339843,8
1.9276425757229747,0.5187683715820313,8
1.9759467319301547,0.5060865173339844,8
1.9150923514245897,0.5221680297851562,8
1.9705323389986742,0.5074770812988281,8
1.9334986908995986,0.5171971435546875,8
1.9649391956018174,0.5089216003417969,8
1.9314268038281484,0.517751953125,8
1.9620551186118844,0.509669677734375,8
1.9277645990457895,0.5187355346679687,8
1.9652806024621425,0.5088331909179687,8
1.933291302183319,0.5172526245117187,8
1.986049047920161,0.5035122375488281,8
1.920509835345352,0.520695068359375,8
1.9763991356390156,0.5059706726074219,8
1.9203957065371866,0.5207260131835938,8
1.9721248387281796,0.5070672912597656,8
1.9285179473760845,0.5185328979492188,8
1.9659344028981212,0.5086639709472657,8
1.9301016696133386,0.518107421875,8
1.9544676088805408,0.5116482849121093,8
1.9173487410903962,0.5215535278320312,8
1.9827928818897331,0.504339111328125,8
1.9154051226799211,0.522082763671875,8
1.9831783289350122,0.5042410888671875,8
1.9178712378428395,0.5214114379882813,8
1.9870485282997357,0.5032589721679688,8
1.9178180324994307,0.5214259033203125,8
1.9783550998882766,0.5054704284667969,8
1.9332112332976756,0.5172740478515625,8
1.9838356864844595,0.5040740051269531,8
1.9238117022328383,0.5198013916015625,8
1.987529899684572,0.5031370849609375,8
1.914135641698669,0.5224290161132813,8
1.9773847481528848,0.5057184753417969,8
1.92414495397566,0.5197113647460937,8
1.9797614583195504,0.5051113586425782,8
1.9173146360829394,0.5215628051757812,8
1.971822103711777,0.5071451416015625,8
1.9295829420345465,0.5182467041015625,8
1.9801517105125523,0.5050118103027343,8
1.926386271487837,0.519106689453125,8
1.974898633361467,0.5063551025390625,8
1.9227433642235012,0.5200902099609375,8
1.9801405822464153,0.5050146484375,8
1.9143523614162656,0.522369873046875,8
1.982896669044634,0.5043127136230469,8
1.9300264118177364,0.5181276245117188,8
1.9672948045418046,0.5083122253417969,8
1.9334916175042827,0.5171990356445313,8
1.9687558542068038,0.5079349975585937,8
1.9299147864407464,0.5181575927734375,8
1.9679345815496525,0.50814697265625,8
1.9318893450949362,0.5176279907226562,8
1.9778621644709968,0.5055964050292969,8
1.9218484278120933,0.5203323974609375,8
1.974321647772896,0.5065030822753906,8
1.9324013365461394,0.5174908447265625,8
1.961701443144872,0.5097615661621093,8
1.932649340924581,0.5174244384765625,8
1.961905457567388,0.5097085571289063,8
1.9318576820820672,0.517636474609375,8
1.963673125849646,0.5092497253417969,8
1.9340839083604981,0.5170406494140625,8
1.980054073217406,0.5050367126464844,8
1.915539486723338,0.522046142578125,8
1.977664963590215,0.5056468200683594,8
1.924456168466968,0.5196273193359375,8
1.9676555805295532,0.5082190246582031,8
1.9305158061570775,0.5179962768554688,8
1.966350609170834,0.5085563049316406,8
1.9311570334533117,0.5178242797851562,8
1.962405043323469,0.5095787963867188,8
1.9163267907959234,0.5218316650390625,8
1.9809630945874208,0.5048049621582031,8
1.914125131257299,0.522431884765625,8
1.9804462362153556,0.5049367065429687,8
1.9230157544333297,0.5200165405273437,8
1.977422216997588,0.5057088928222656,8
1.933741042992691,0.51713232421875,8
1.985099997413215,0.5037529602050781,8
1.942491624901832,0.514802734375,8
1.9934293725685917,0.5016480712890625,8
1.9298543186144248,0.518173828125,8
1.993904619946616,0.5015285034179687,8
1.9189445055631704,0.5211198120117188,8
1.9744011134928157,0.5064826965332031,8
1.914471589365475,0.5223373413085938,8
1.9824568780236655,0.5044245910644531,8
1.9132545073410516,0.5226696166992187,8
1.96719217176623,0.5083387451171875,8
1.9444163244099135,0.5142931518554688,8
1.9811701770042054,0.504752197265625,8
1.9374798524090666,0.5161343994140625,8
1.9894905743269746,0.5026412353515625,8
1.9289529790632545,0.5184159545898438,8
1.9962056983728804,0.5009503784179687,8
1.9082326893164476,0.5240451049804687,8
1.982933387102328,0.5043033752441406,8
1.9327058802434849,0.5174093017578125,8
1.9671681981038271,0.5083449401855469,8
1.9307872176795249,0.5179234619140625,8
1.9695703544078602,0.5077249450683594,8
1.924228793434321,0.519688720703125,8
1.9664329747189622,0.5085350036621094,8
1.9237683315137535,0.5198131103515625,8
1.9713583909460937,0.5072644348144532,8
0.9514451699523581,1.05103271484375,16
0.9756924891687653,1.0249130859375,16
0.9702510050720251,1.0306611328125,16
0.976499639772716,1.02406591796875,16
0.9739602362186469,1.0267359619140626,16
0.9723907268205233,1.0283931884765625,16
0.974151800010631,1.0265340576171875,16
0.9694184684395238,1.0315462646484375,16
0.9763648667879335,1.024207275390625,16
0.9763813913530176,1.02418994140625,16
0.9688613726371882,1.032139404296875,16
0.9771926550468774,1.0233396606445313,16
0.9693025021304067,1.031669677734375,16
0.9766714186802119,1.0238858032226563,16
0.9709039338438955,1.029968017578125,16
0.9753158882910898,1.025308837890625,16
0.9682274370031658,1.032815185546875,16
0.9699680509668955,1.0309617919921874,16
0.9714223712927612,1.0294183349609376,16
0.9757602431301037,1.0248419189453124,16
0.9671057718813288,1.0340130615234375,16
0.9756604168185181,1.02494677734375,16
0.9676752523432932,1.033404541015625,16
0.974748284225272,1.0259058837890624,16
0.9671530412252526,1.0339625244140624,16
0.9756618112246842,1.0249453125,16
0.9773201361710454,1.0232061767578124,16
0.9692670639573098,1.0317073974609374,16
0.9745017663439304,1.0261654052734375,16
0.9713233153759462,1.0295233154296874,16
0.959352923947742,1.0423692626953125,16
0.9722081622049568,1.0285863037109375,16
0.9697378345962495,1.03120654296875,16
0.9753758090130344,1.025245849609375,16
0.9696266120841375,1.0313248291015624,16
0.9708289139207054,1.030047607421875,16
0.9782112752462276,1.0222740478515624,16
0.9687629528585424,1.0322442626953126,16
0.9756044114659242,1.025005615234375,16
0.9699986016011372,1.0309293212890625,16
0.9785865504674776,1.0218820190429687,16
0.9694612602475676,1.031500732421875,16
0.9756472863559322,1.0249605712890626,16
0.9761603343349144,1.024421875,16
0.9732173946927575,1.0275196533203126,16
0.9707072038039588,1.0301767578125,16
0.973424512663906,1.027301025390625,16
0.9693197060613719,1.0316513671875,16
0.9778441079908975,1.0226578979492187,16
0.9724460174940569,1.028334716796875,16
0.9744376642995635,1.02623291015625,16
0.9697276180485345,1.0312174072265625,16
0.9697016758722431,1.0312449951171876,16
0.9776411721550083,1.0228701782226564,16
0.972070533969546,1.02873193359375,16
0.9767160759573206,1.0238389892578126,16
0.9750604949336609,1.025577392578125,16
0.973407278382005,1.0273192138671876,16
0.9744722064872345,1.026196533203125,16
0.9676151310816123,1.03346875,16
0.9764863703148142,1.024079833984375,16
0.9761984886083165,1.0243818359375,16
0.9713863172079092,1.02945654296875,16
0.9769573657451341,1.0235861206054688,16
0.9695794449157679,1.031375,16
0.9762485124484793,1.024329345703125,16
0.9701065779075989,1.0308145751953126,16
0.9766991907179241,1.023856689453125,16
0.9711082262895545,1.0297513427734375,16
0.9675994733480796,1.0334854736328125,16
0.9714894182720889,1.0293472900390626,16
0.9755525948127087,1.02506005859375,16
0.965622108408527,1.035601806640625,16
0.9771350167521641,1.0234000244140624,16
0.9681864704450206,1.03285888671875,16
0.9750150025196616,1.025625244140625,16
0.9697703223527442,1.0311719970703126,16
0.9749949268605034,1.0256463623046874,16
0.9756883056991535,1.02491748046875,16
0.9699919400205862,1.0309364013671876,16
0.9765901494217499,1.0239710083007814,16
0.9751054112517785,1.0255301513671875,16
0.9707409068582867,1.0301409912109376,16
0.9737374962037669,1.0269708251953125,16
0.9661875632836933,1.0349957275390624,16
0.9745404866730517,1.0261246337890626,16
0.969929118925008,1.031003173828125,16
0.9673258305753368,1.03377783203125,16
0.9758391656956321,1.024759033203125,16
0.9691905767985335,1.031788818359375,16
0.9767547977624541,1.0237984008789063,16
0.9697238299451003,1.031221435546875,16
0.9750239381945276,1.0256158447265624,16
0.9702889286385183,1.030620849609375,16
0.9740042405804742,1.0266895751953125,16
0.9747166218454079,1.025939208984375,16
0.9757015534759963,1.024903564453125,16
0.9704214545589375,1.0304801025390624,16
0.9773200195750329,1.023206298828125,16
0.968960843904335,1.032033447265625,16
0.9742379935454355,1.0264432373046875,16
0.9709260278102987,1.029944580078125,16
0.9772346787567647,1.023295654296875,16
0.9688452162143911,1.0321566162109375,16
0.9683209407086639,1.0327154541015624,16
0.974171840963593,1.026512939453125,16
0.9706533757930992,1.03023388671875,16
0.9711965302486462,1.02965771484375,16
0.9772537392451539,1.0232756958007811,16
0.9737601823137717,1.0269468994140625,16
0.9793775978851565,1.021056640625,16
0.9689447987700834,1.032050537109375,16
0.9749630163870431,1.025679931640625,16
0.9748690376738329,1.02577880859375,16
0.9717220808422476,1.029100830078125,16
0.9784369433997757,1.0220382690429688,16
0.9691870222166485,1.0317926025390625,16
0.9744756840243561,1.02619287109375,16
0.9700203098002366,1.03090625,16
0.9726681669883169,1.028099853515625,16
0.9732180884081671,1.0275189208984374,16
0.9692929828843825,1.0316798095703126,16
0.9686289324685198,1.0323870849609376,16
0.9756462405820719,1.024961669921875,16
0.9676287320059385,1.0334542236328126,16
0.9758211483742488,1.0247779541015625,16
0.9666251201939103,1.0345272216796875,16
0.9742648742190986,1.0264149169921875,16
0.9690065754524564,1.0319847412109375,16
0.9741619941495578,1.0265233154296876,16
0.9761684767648785,1.024413330078125,16
0.969200552699866,1.0317781982421874,16
0.9725014299047513,1.028276123046875,16
0.9734054277571452,1.0273211669921876,16
0.965403279189278,1.0358365478515625,16
0.973634611759633,1.027079345703125,16
0.9673503892605213,1.0337515869140625,16
0.9743421644192887,1.02633349609375,16
0.9674647463499227,1.03362939453125,16
0.9704990559195585,1.030397705078125,16
0.975024982634748,1.02561474609375,16
0.9674848558858556,1.03360791015625,16
0.9744246826339726,1.02624658203125,16
0.9699754013196259,1.0309539794921876,16
0.9742605871156892,1.02641943359375,16
0.9730589066485865,1.02768701171875,16
0.9723173234496897,1.0284708251953125,16
0.9738317199292308,1.0268714599609374,16
0.9756713397734946,1.024935302734375,16
0.967251705176674,1.0338570556640625,16
0.9765547002357345,1.0240081787109374,16
0.9667310918042871,1.034413818359375,16
0.9743122666057087,1.026364990234375,16
0.9717837510686714,1.0290355224609375,16
0.9752714170115099,1.0253555908203125,16
0.9677557305149967,1.033318603515625,16
0.9690633160797794,1.03192431640625,16
0.9739982186961289,1.0266959228515624,16
0.9719329446946188,1.0288775634765626,16
0.9699077593094332,1.03102587890625,16
0.9744301302550921,1.0262408447265625,16
0.9673690090017748,1.033731689453125,16
0.9758359109044661,1.024762451171875,16
0.9685299873648926,1.0324925537109375,16
0.9751441795665157,1.0254893798828124,16
0.9736348431962987,1.0270791015625,16
0.9679710525609936,1.0330887451171875,16
0.9738322987553919,1.026870849609375,16
0.968214391410123,1.0328291015625,16
0.9758524175695367,1.0247451171875,16
0.9757223555357415,1.0248817138671875,16
0.9750787163003,1.0255582275390625,16
0.9699829814875575,1.0309459228515625,16
0.970649465443718,1.030238037109375,16
0.9662151411526858,1.0349661865234374,16
0.9775162900488436,1.0230008544921876,16
0.9698371414713229,1.0311009521484376,16
0.9796454501436163,1.0207774658203126,16
0.9641327777486818,1.0372015380859374,16
0.9748802909598774,1.0257669677734376,16
0.9684151493607773,1.032614990234375,16
0.976934122656035,1.0236104736328124,16
0.9742750707247348,1.0264041748046875,16
0.9706271540529371,1.03026171875,16
0.9694306287299619,1.0315333251953125,16
0.9741306015185118,1.026556396484375,16
0.9680991706041981,1.0329520263671874,16
0.9738613567129801,1.0268402099609375,16
0.9696604696934941,1.031288818359375,16
0.9753863771909135,1.0252347412109375,16
0.9680791499244042,1.032973388671875,16
0.9671596638695146,1.0339554443359376,16
0.9757751200452344,1.0248262939453125,16
0.9708781588205917,1.029995361328125,16
0.9746339382242459,1.0260262451171875,16
0.9677440694961209,1.0333310546875,16
0.971921298103401,1.028889892578125,16
0.9731750799228349,1.0275643310546876,16
0.9711385034129735,1.02971923828125,16
0.9738494323213875,1.026852783203125,16
0.48845811981426907,2.0472584228515625,32
0.49752739452519446,2.0099395751953124,32
0.494158082690768,2.0236439208984374,32
0.49259658955032576,2.0300587158203127,32
0.4957361666946748,2.0172020263671877,32
0.49470370527157165,2.0214119873046874,32
0.497661017517522,2.00939990234375,32
0.49399707919402736,2.024303466796875,32
0.49373409128427337,2.0253817138671875,32
0.4974513210301979,2.0102469482421874,32
0.49329873658437595,2.027169189453125,32
0.4969900011702804,2.0121129150390624,32
0.4920912490473691,2.0321434326171874,32
0.496954003182277,2.0122586669921874,32
0.49272298316339347,2.0295379638671873,32
0.4961090984603964,2.0156856689453124,32
0.49843815208192543,2.0062669677734375,32
0.4950642840247614,2.019939697265625,32
0.49463646695276525,2.021686767578125,32
0.49792082195835685,2.0083514404296876,32
0.49294870336799734,2.028608642578125,32
0.4973243923408644,2.010760009765625,32
0.49378495207235973,2.025173095703125,32
0.4974741285518815,2.01015478515625,32
0.49311703842767424,2.0279161376953123,32
0.49421514297640473,2.0234102783203123,32
0.49639775324268864,2.0145135498046876,32
0.49253960623887505,2.0302935791015626,32
0.49664744784928977,2.013500732421875,32
0.4956732661237818,2.0174580078125,32
0.4940538639330307,2.02407080078125,32
0.4971427642060123,2.01149462890625,32
0.492871236065949,2.028927490234375,32
0.49697782036278043,2.0121622314453127,32
0.4976904356984504,2.0092811279296874,32
0.493890992855944,2.02473828125,32
0.49671890845534794,2.0132110595703123,32
0.4940940024696256,2.0239063720703125,32
0.49712185742008685,2.0115792236328125,32
0.49334311989899954,2.02698681640625,32
0.49686017364874896,2.012638671875,32
0.49647389596981006,2.01420458984375,32
0.4916169763647577,2.0341038818359376,32
0.49460215288386805,2.0218270263671876,32
0.4967809901708679,2.01295947265625,32
0.49410592311284807,2.0238575439453124,32
0.49648857967175025,2.01414501953125,32
0.4936567636821925,2.025698974609375,32
0.4977448669908692,2.0090614013671875,32
0.49370478189723416,2.025501953125,32
0.49733332928602436,2.010723876953125,32
0.4963156198983304,2.014846923828125,32
0.4922337684983487,2.0315550537109375,32
0.4969965742302787,2.0120863037109373,32
0.49514435766926757,2.019613037109375,32
0.4945394501762069,2.0220833740234374,32
0.49681602906082667,2.0128175048828125,32
0.49323814575692965,2.027418212890625,32
0.49702895964230415,2.0119552001953127,32
0.49298851418605744,2.02844482421875,32
0.4933113021340832,2.0271175537109376,32
0.4973300080864694,2.0107373046875,32
0.4939559735207762,2.024471923828125,32
0.49715133257433597,2.0114599609375,32
0.49374084632677784,2.02535400390625,32
0.4964082211067177,2.0144710693359373,32
0.4944743159163327,2.0223497314453125,32
0.49487655965102023,2.0207059326171875,32
0.49748319172390076,2.0101181640625,32
0.49650654431626984,2.0140721435546873,32
0.49356363973541567,2.0260811767578124,32
0.4968617708354877,2.0126322021484375,32
0.49291109368860797,2.028763427734375,32
0.4972889496470657,2.0109033203125,32
0.49384237277274345,2.0249376220703126,32
0.49666671880697166,2.013422607421875,32
0.4928525846754973,2.0290042724609374,32
0.4929274953115627,2.0286959228515626,32
0.4972793803821221,2.0109420166015624,32
0.4956159886008323,2.017691162109375,32
0.49321664553196415,2.027506591796875,32
0.49731074600375724,2.010815185546875,32
0.4934426994785181,2.0265777587890623,32
0.49676845811366244,2.01301025390625,32
0.4931578264574479,2.0277484130859373,32
0.4968057548930697,2.012859130859375,32
0.4973061571383042,2.010833740234375,32
0.4933638883289629,2.0269014892578125,32
0.496882474921143,2.01254833984375,32
0.49277402118459096,2.0293277587890626,32
0.4969810765597771,2.0121490478515627,32
0.49395642028479797,2.0244700927734374,32
0.49716895296412716,2.011388671875,32
0.49532009577478414,2.018896484375,32
0.4924491530619973,2.03066650390625,32
0.4931030580575881,2.0279736328125,32
0.4963894213791143,2.01454736328125,32
0.4925258066507938,2.0303504638671876,32
0.4963063586707665,2.014884521484375,32
0.49329038961089017,2.0272034912109373,32
0.49617842072077917,2.015404052734375,32
0.49359819648666786,2.0259393310546874,32
0.4970444904571948,2.011892333984375,32
0.49726972092982885,2.0109810791015623,32
0.4932672215561629,2.0272987060546876,32
0.4950616811683117,2.0199503173828126,32
0.4938598784726105,2.0248658447265626,32
0.4934741477556293,2.0264486083984377,32
0.4956879924848085,2.0173980712890627,32
0.49413688967127234,2.023730712890625,32
0.4972498296773654,2.0110615234375,32
0.49135642744530345,2.0351824951171875,32
0.49424015945037025,2.023307861328125,32
0.4975533518466263,2.009834716796875,32
0.4923722865806254,2.0309835205078124,32
0.4966421787071577,2.0135220947265626,32
0.4921675251261074,2.0318284912109377,32
0.49634121034670264,2.0147430419921877,32
0.4957338867576057,2.0172113037109374,32
0.4941271730858966,2.0237705078125,32
0.49653456212706865,2.01395849609375,32
0.49636286355080617,2.0146551513671875,32
0.493123212601417,2.0278907470703125,32
0.496312733244871,2.014858642578125,32
0.4923594433092757,2.0310364990234375,32
0.49698514686602696,2.012132568359375,32
0.4929460930471855,2.028619384765625,32
0.49627659278009645,2.01500537109375,32
0.4924451271136007,2.03068310546875,32
0.4925915541113205,2.0300794677734375,32
0.4970801697718097,2.0117479248046877,32
0.4963658710896872,2.0146429443359377,32
0.4940690603846236,2.024008544921875,32
0.4969242801316,2.0123790283203125,32
0.49344831707138426,2.0265546875,32
0.49685101262506187,2.01267578125,32
0.4932720035020385,2.027279052734375,32
0.4967337572548475,2.01315087890625,32
0.4970210589011818,2.0119871826171876,32
0.4927957496366594,2.02923828125,32
0.4972714414922999,2.01097412109375,32
0.49264102435656426,2.0298756103515627,32
0.4954630235618917,2.0183140869140623,32
0.4954808840970898,2.0182413330078126,32
0.49446542173488195,2.0223861083984374,32
0.49457059053370633,2.0219560546875,32
0.4925083953983892,2.0304222412109376,32
0.49317531334873627,2.027676513671875,32
0.4963623522728209,2.0146572265625,32
0.49315236391369616,2.0277708740234375,32
0.4966350429614775,2.013551025390625,32
0.4919241452007312,2.032833740234375,32
0.4964710375632581,2.0142161865234374,32
0.4943071409279796,2.02303369140625,32
0.49687274047090946,2.0125877685546874,32
0.4957774191783554,2.0170341796875,32
0.4941427019218665,2.0237069091796873,32
0.49503819686204276,2.020046142578125,32
0.4950088820014118,2.020165771484375,32
0.494317192698322,2.0229925537109374,32
0.496906978491971,2.0124490966796875,32
0.49349415427499554,2.026366455078125,32
0.4973481242593204,2.0106640625,32
0.4934610983147749,2.026502197265625,32
0.49330218239246015,2.027155029296875,32
0.4969814685122928,2.0121474609375,32
0.49111387828948727,2.0361876220703126,32
0.4960990638128617,2.0157264404296873,32
0.49386205188589954,2.02485693359375,32
0.49499335849670417,2.0202291259765626,32
0.4954085209298005,2.0185361328125,32
0.49418884710121624,2.0235179443359375,32
0.49738798448576926,2.0105029296875,32
0.49510548460473963,2.0197716064453126,32
0.4941919476031057,2.0235052490234375,32
0.49755338206627386,2.0098345947265623,32
0.4921242104205859,2.03200732421875,32
0.49665617981669796,2.01346533203125,32
0.49381578910883006,2.025046630859375,32
0.4968586970135408,2.0126446533203124,32
0.49148929174905154,2.03463232421875,32
0.4937793863380671,2.0251959228515624,32
0.4943908485550233,2.022691162109375,32
0.4949922817579211,2.0202335205078126,32
0.4939550799951569,2.0244755859375,32
0.49672179983554576,2.0131993408203126,32
0.49192730597079776,2.0328206787109373,32
0.4960231261094597,2.0160350341796875,32
0.49244486069286725,2.0306842041015627,32
0.49726446876014274,2.0110023193359376,32
0.4968543575649503,2.0126622314453124,32
0.4920981070141581,2.0321151123046874,32
0.496192004985179,2.015348876953125,32
0.4930019243444254,2.0283896484375,32
0.49643556597229926,2.014360107421875,32
0.49452694139553904,2.022134521484375,32
0.49465749376515383,2.021600830078125,32
0.49649342428035875,2.0141253662109375,32
0.4920762035744242,2.03220556640625,32
0.4932193775007915,2.027495361328125,32
7.914624084340213,0.126348388671875,64
736.0837776015798,0.0013585410118103027,64
807.1298616115083,0.0012389580011367798,64
893.5224847668546,0.0011191660165786744,64
897.1546814433347,0.0011146349906921388,64
918.7925347493192,0.001088384985923767,64
903.7415831159523,0.0011065109968185424,64
947.0252939483057,0.0010559380054473877,64
940.6691386784244,0.0010630730390548705,64
1285.0546476297914,0.00077817702293396,64
1327.1593570609948,0.0007534890174865723,64
1383.6847222126003,0.000722707986831665,64
1347.9359860369866,0.0007418749928474426,64
1427.6148918644783,0.0007004690170288086,64
1333.6106983182826,0.0007498440146446228,64
1414.155176435018,0.0007071359753608703,64
1251.2214857998592,0.000799219012260437,64
1394.9432979520448,0.0007168750166893005,64
1427.511034627992,0.0007005199790000915,64
1448.1818762505372,0.0006905210018157959,64
1372.8023028938778,0.0007284370064735413,64
1436.4823460159469,0.0006961449980735779,64
1459.6323795660012,0.0006851040124893189,64
1380.9960856504526,0.0007241150140762329,64
1444.4772380456131,0.0006922919750213623,64
1436.9096280527192,0.000695937991142273,64
1467.5538064061045,0.000681406021118164,64
1427.1911764192978,0.0007006769776344299,64
1394.740937501247,0.0007169790267944336,64
1447.5278971453083,0.0006908329725265503,64
1392.3136017171287,0.0007182289958000183,64
1399.5193963616969,0.0007145310044288635,64
1424.2274809291207,0.0007021350264549255,64
1462.1892081768242,0.0006839060187339783,64
1421.486323295054,0.0007034890055656433,64
1445.8911692409467,0.0006916149854660034,64
1458.080951347984,0.0006858329772949219,64
1444.8027770996068,0.0006921359896659851,64
1449.056937522327,0.0006901040077209472,64
1469.91385208408,0.0006803119778633118,64
1472.1665217655311,0.0006792709827423096,64
1416.450624916259,0.0007059900164604187,64
1452.4559886048992,0.0006884890198707581,64
1443.6075733653745,0.0006927090287208557,64
1457.636681545195,0.0006860420107841492,64
1317.323495685717,0.0007591149806976318,64
1391.707134902026,0.0007185419797897339,64
1437.6636813485227,0.0006955729722976685,64
1458.5232097112382,0.0006856250166893006,64
1404.7409585355983,0.0007118750214576722,64
1444.1517213478116,0.0006924480199813843,64
1457.1949605693003,0.0006862499713897705,64
1414.9895878112577,0.0007067189812660217,64
1443.9349574071782,0.0006925519704818725,64
1462.1892081768242,0.0006839060187339783,64
1438.093638859795,0.0006953650116920472,64
1413.0101208694705,0.000707709014415741,64
1423.4875734706804,0.0007024999856948853,64
1428.78569682745,0.0006998950242996216,64
1378.5174255275758,0.0007254170179367065,64
1417.6012656767891,0.0007054169774055481,64
1425.0718876102735,0.0007017189860343933,64
1443.0680554759929,0.0006929680109024048,64
1381.0971501295096,0.0007240620255470276,64
1380.599587413656,0.0007243229746818542,64
1424.8606920842394,0.0007018229961395264,64
1381.0953310655354,0.000724062979221344,64
1440.4676475492274,0.0006942189931869507,64
1445.1305790500023,0.0006919789910316467,64
1454.7655422792675,0.000687395989894867,64
1396.7690484559478,0.0007159379720687866,64
1460.6301810698428,0.0006846359968185425,64
1447.1990068393654,0.0006909899711608887,64
1457.5284104483383,0.0006860929727554321,64
1448.8365716634635,0.0006902089715003967,64
1460.9652051455407,0.0006844789981842041,64
1454.1054787964388,0.0006877080202102661,64
1437.1263804334726,0.0006958330273628235,64
1448.293013951586,0.0006904680132865905,64
1443.4992649235742,0.0006927610039710999,64
1439.0642985927768,0.0006948959827423096,64
1348.5030538856556,0.0007415630221366882,64
1436.265664892039,0.0006962500214576722,64
1452.8949665809016,0.000688280999660492,64
1480.1109508714828,0.0006756250262260437,64
1450.3705109937828,0.0006894789934158325,64
1452.8928276496572,0.0006882820129394531,64
1439.1719425045471,0.0006948440074920655,64
1379.1106351102069,0.0007251049876213074,64
1431.9795836498492,0.0006983339786529541,64
1469.8014317435527,0.0006803640127182007,64
1472.0537566017608,0.0006793230175971985,64
1418.7536574063113,0.0007048439979553222,64
1465.4247794837931,0.0006823959946632385,64
1463.1926789852234,0.0006834369897842407,64
1486.6439911406835,0.000672655999660492,64
1474.4261065589367,0.0006782299876213074,64
1451.6864681408374,0.0006888539791107178,64
1466.6562695710463,0.0006818230152130127,64
1403.8161519030514,0.0007123439908027649,64
1445.8911692409467,0.0006916149854660034,64
1455.0957356885626,0.0006872400045394898,64
1469.6869686775956,0.000680417001247406,64
1394.43756483486,0.0007171350121498108,64
1464.3089649519102,0.000682915985584259,64
1478.4019682399253,0.0006764060258865356,64
1476.24137260787,0.0006773959994316101,64
1443.4992649235742,0.0006927610039710999,64
1408.7622591261252,0.0007098429799079895,64
1434.1214445965422,0.0006972910165786744,64
1310.1335105456699,0.000763280987739563,64
1442.8495072384499,0.0006930729746818542,64
1460.7410755937922,0.0006845840215682984,64
1471.713628233099,0.0006794800162315368,64
1393.1224298625405,0.0007178120017051697,64
1422.9609351914396,0.0007027599811553955,64
1450.4798530535938,0.0006894270181655883,64
1459.2979664204872,0.0006852610111236573,64
1467.5517524670859,0.0006814069747924804,64
1463.9724057363385,0.0006830729842185974,64
1473.4093737559458,0.0006786980032920838,64
1422.5378063150301,0.0007029690146446228,64
1426.873403165344,0.0007008330225944519,64
1440.0340446891478,0.000694428026676178,64
1445.5651395904063,0.0006917709708213806,64
1390.7992893643482,0.0007190110087394715,64
1463.0812843380809,0.0006834890246391296,64
1477.8339216875258,0.0006766660213470459,64
1478.9705820256568,0.0006761459708213806,64
1465.089882198754,0.0006825519800186157,64
1465.650348743765,0.0006822909712791442,64
1457.6388344669413,0.000686040997505188,64
1397.8878059709712,0.0007153649926185608,64
1451.467311001309,0.0006889579892158509,64
1459.854009517426,0.0006850000023841858,64
1475.9015137626463,0.0006775519847869873,64
1414.5732132337325,0.0007069270014762878,64
1461.0761505489088,0.00068442702293396,64
1452.2345877886448,0.0006885939836502075,64
1452.785260112929,0.0006883329749107361,64
1463.5267093893142,0.0006832810044288635,64
1465.3130447253166,0.0006824480295181274,64
1462.634090138144,0.0006836979985237122,64
1392.6180159470432,0.0007180719971656799,64
1425.9192352133007,0.0007013019919395447,64
1450.3705109937828,0.0006894789934158325,64
1456.4202853460154,0.000686614990234375,64
1420.852136141577,0.00070380300283432,64
1454.4354986923513,0.0006875519752502442,64
1458.7445029333628,0.0006855210065841675,64
1459.3001242524522,0.000685259997844696,64
1420.4323047036557,0.0007040110230445861,64
1422.32736116697,0.0007030730247497559,64
1448.4000423023713,0.0006904169917106628,64
1398.4996726567617,0.0007150520086288452,64
1469.011240413724,0.0006807299852371216,64
1419.8031426862208,0.0007043229937553406,64
1439.9283727036282,0.000694478988647461,64
1392.7169734542115,0.0007180209755897522,64
1419.5914638103604,0.0007044280171394348,64
1433.6917758749107,0.0006974999904632568,64
1396.6695143029206,0.0007159889936447143,64
1407.727018755831,0.0007103649973869324,64
1430.7011709904236,0.0006989579796791076,64
1443.2846833567771,0.0006928640007972717,64
1387.6843339593838,0.0007206249833106995,64
1427.4050065137226,0.0007005720138549804,64
1430.37988173621,0.000699114978313446,64
1443.9328447761623,0.0006925529837608338,64
1463.5267093893142,0.0006832810044288635,64
1478.8589881991622,0.0006761969923973083,64
1480.1109508714828,0.0006756250262260437,64
1418.2284773264307,0.0007051050066947937,64
1409.6915825766816,0.0007093750238418579,64
1417.2877481161433,0.00070557302236557,64
1437.771115818398,0.0006955209970474244,64
1402.7901594412658,0.0007128649950027465,64
1450.8082290907128,0.0006892709732055664,64
1472.732416734456,0.0006790099740028382,64
1481.1391797364902,0.0006751559972763061,64
1428.147047965187,0.0007002080082893371,64
1433.9055976297489,0.0006973959803581237,64
1459.1894483966125,0.0006853119730949402,64
1391.000507575578,0.0007189069986343384,64
1472.2791750077488,0.0006792190074920655,64
1490.6839891920806,0.0006708329916000366,64
1479.6555058492252,0.000675832986831665,64
1427.9349400465696,0.0007003120183944702,64
1445.2391324404155,0.0006919270157814026,64
1427.4029419759709,0.0007005730271339417,64
1439.2817015578821,0.0006947910189628601,64
1441.9818008545374,0.0006934900283813477,64
1459.1894483966125,0.0006853119730949402,64
1468.3403740180704,0.0006810410022735596,64
1428.7837499721093,0.000699895977973938,64
1427.085195812758,0.0007007290124893188,64
1445.3478266562918,0.0006918749809265137,64
1470.8131895800052,0.0006798959970474244,64
1399.9269547428976,0.0007143229842185974,64
1477.7182041669937,0.0006767190098762512,64
