time,uptime,jetson_clocks,nvp model,CPU1,CPU2,CPU3,CPU4,GPU,RAM,EMC,IRAM,SWAP,APE,NVENC,NVDEC,NVJPG,fan,Temp AO,Temp CPU,Temp GPU,Temp PLL,Temp thermal,power cur,power avg
2021-11-25 07:37:53.882049,"12 days, 14:57:36.730000",ON,MAXN,34,43,28,35,0,1713080,1713080,1713080,1080,25,OFF,OFF,OFF,31.372549019607842,55.0,50.5,48.5,47.5,49.75,3778,3778
2021-11-25 07:37:53.883449,"12 days, 14:57:36.730000",ON,MAXN,34,43,28,35,0,1713080,1713080,1713080,1080,25,OFF,OFF,OFF,31.372549019607842,55.0,50.5,48.5,47.5,49.75,3778,3778
2021-11-25 07:37:54.139667,"12 days, 14:57:36.980000",ON,MAXN,69,60,83,69,0,1839680,1839680,1839680,1079,25,OFF,OFF,OFF,31.372549019607842,55.5,51.5,49.0,47.5,49.75,4511,4144
2021-11-25 07:37:54.648900,"12 days, 14:57:37.490000",ON,MAXN,75,64,100,82,0,1874036,1874036,1874036,1079,25,OFF,OFF,OFF,31.372549019607842,55.5,51.5,49.0,47.5,49.75,4237,4175
2021-11-25 07:37:55.153467,"12 days, 14:57:38",ON,MAXN,51,55,80,70,3,1721420,1721420,1721420,1079,25,OFF,OFF,OFF,31.372549019607842,55.5,51.0,48.5,47.5,50.25,4008,4133
2021-11-25 07:37:55.658264,"12 days, 14:57:38.500000",ON,MAXN,42,38,51,54,0,1752976,1752976,1752976,1079,25,OFF,OFF,OFF,31.372549019607842,55.5,51.5,49.0,47.5,50.25,4165,4139
2021-11-25 07:37:56.173536,"12 days, 14:57:39.020000",ON,MAXN,40,34,48,45,0,1779668,1779668,1779668,1079,25,OFF,OFF,OFF,31.372549019607842,55.0,51.0,49.0,48.0,50.0,4040,4123
2021-11-25 07:37:56.679608,"12 days, 14:57:39.520000",ON,MAXN,50,42,45,46,0,1810892,1810892,1810892,1079,25,OFF,OFF,OFF,31.372549019607842,55.0,51.0,49.0,47.5,50.0,3851,4084
2021-11-25 07:37:57.179890,"12 days, 14:57:40.020000",ON,MAXN,56,51,59,58,3,1874360,1874360,1874360,1079,25,OFF,OFF,OFF,31.372549019607842,55.5,51.0,49.0,48.0,50.0,4008,4074
2021-11-25 07:37:57.697738,"12 days, 14:57:40.540000",ON,MAXN,44,47,59,66,0,1936468,1936468,1936468,1079,25,OFF,OFF,OFF,31.372549019607842,55.5,51.5,49.0,47.5,50.0,4354,4105
2021-11-25 07:37:58.194584,"12 days, 14:57:41.040000",ON,MAXN,77,52,47,54,0,1978264,1978264,1978264,1079,25,OFF,OFF,OFF,31.372549019607842,55.5,51.0,49.0,48.0,50.0,3660,4061
2021-11-25 07:37:58.705260,"12 days, 14:57:41.550000",ON,MAXN,72,54,40,50,1,2050772,2050772,2050772,1079,25,OFF,OFF,OFF,31.372549019607842,55.0,51.0,49.0,47.5,50.0,3851,4042
2021-11-25 07:37:59.208334,"12 days, 14:57:42.050000",ON,MAXN,57,48,54,46,0,2091400,2091400,2091400,1079,25,OFF,OFF,OFF,31.372549019607842,55.5,51.5,49.0,47.5,50.25,4204,4055
2021-11-25 07:37:59.732572,"12 days, 14:57:42.580000",ON,MAXN,44,58,48,48,0,2154836,2154836,2154836,1079,25,OFF,OFF,OFF,31.372549019607842,55.5,51.0,49.0,47.5,50.25,4047,4054
2021-11-25 07:38:00.236184,"12 days, 14:57:43.080000",ON,MAXN,52,51,52,54,0,2214124,2214124,2214124,1079,25,OFF,OFF,OFF,31.372549019607842,55.5,51.5,49.0,47.0,50.25,3890,4043
2021-11-25 07:38:00.733981,"12 days, 14:57:43.580000",ON,MAXN,56,50,58,60,0,2269836,2269836,2269836,1079,25,OFF,OFF,OFF,31.372549019607842,55.0,51.0,49.0,47.5,50.0,3857,4030
2021-11-25 07:38:01.240710,"12 days, 14:57:44.080000",ON,MAXN,54,36,48,54,4,2305220,2305220,2305220,1079,25,OFF,OFF,OFF,31.372549019607842,55.0,51.0,49.0,48.0,50.0,4276,4046
2021-11-25 07:38:01.752047,"12 days, 14:57:44.600000",ON,MAXN,56,70,38,32,0,2360348,2360348,2360348,1079,25,OFF,OFF,OFF,31.372549019607842,55.5,51.5,49.0,47.5,50.0,3968,4041
2021-11-25 07:38:02.262888,"12 days, 14:57:45.110000",ON,MAXN,68,52,60,54,0,2438664,2438664,2438664,1079,25,OFF,OFF,OFF,31.372549019607842,55.5,51.0,49.0,47.5,50.0,3929,4035
2021-11-25 07:38:02.770281,"12 days, 14:57:45.610000",ON,MAXN,76,55,55,56,0,2484368,2484368,2484368,1079,25,OFF,OFF,OFF,31.372549019607842,55.0,51.0,48.5,47.5,50.25,3739,4019
2021-11-25 07:38:03.278816,"12 days, 14:57:46.120000",ON,MAXN,37,75,56,52,0,2863096,2863096,2863096,1079,25,OFF,OFF,OFF,31.372549019607842,55.5,52.0,49.0,47.5,50.25,4197,4028
2021-11-25 07:38:03.778409,"12 days, 14:57:46.620000",ON,MAXN,44,51,49,48,0,2865712,2865712,2865712,1079,25,OFF,OFF,OFF,31.372549019607842,55.5,51.0,49.0,47.5,50.0,3772,4016
2021-11-25 07:38:04.289901,"12 days, 14:57:47.130000",ON,MAXN,74,82,70,66,0,2885492,2885492,2885492,1079,25,OFF,OFF,OFF,31.372549019607842,55.5,52.0,48.5,48.0,50.0,4472,4037
2021-11-25 07:38:04.796090,"12 days, 14:57:47.640000",ON,MAXN,64,63,51,51,0,2910872,2910872,2910872,1079,25,OFF,OFF,OFF,31.372549019607842,55.0,51.0,49.0,47.5,50.5,4126,4040
2021-11-25 07:38:05.325135,"12 days, 14:57:48.170000",ON,MAXN,57,54,55,57,0,2985896,2985896,2985896,1079,25,OFF,OFF,OFF,31.372549019607842,55.5,51.5,48.5,47.5,50.5,4001,4039
2021-11-25 07:38:05.825913,"12 days, 14:57:48.670000",ON,MAXN,64,56,75,60,0,3058152,3058152,3058152,1079,25,OFF,OFF,OFF,31.372549019607842,55.0,51.5,49.0,47.5,50.5,4237,4047
2021-11-25 07:38:06.326658,"12 days, 14:57:49.170000",ON,MAXN,53,57,73,64,2,3095448,3095448,3095448,1080,25,OFF,OFF,OFF,31.372549019607842,55.5,51.5,49.0,47.5,50.25,4354,4058
2021-11-25 07:38:06.839078,"12 days, 14:57:49.680000",ON,MAXN,70,54,75,63,0,3159444,3159444,3159444,1081,25,OFF,OFF,OFF,31.372549019607842,55.5,52.0,49.0,48.0,50.25,4621,4079
2021-11-25 07:38:07.348900,"12 days, 14:57:50.190000",ON,MAXN,68,44,63,68,0,3230356,3230356,3230356,1081,25,OFF,OFF,OFF,31.372549019607842,55.5,52.0,49.0,47.5,50.25,4197,4083
2021-11-25 07:38:07.855677,"12 days, 14:57:50.700000",ON,MAXN,74,81,74,71,0,3301808,3301808,3301808,1082,25,OFF,OFF,OFF,31.372549019607842,55.5,52.0,49.5,47.5,50.25,3968,4079
2021-11-25 07:38:08.359662,"12 days, 14:57:51.200000",ON,MAXN,46,67,54,68,3,3390228,3390228,3390228,1082,25,OFF,OFF,OFF,31.372549019607842,56.0,52.0,49.0,48.0,50.25,4315,4087
2021-11-25 07:38:08.890643,"12 days, 14:57:51.730000",ON,MAXN,67,45,70,71,0,3484876,3484876,3484876,1083,25,OFF,OFF,OFF,31.372549019607842,55.5,52.5,49.0,47.5,50.25,4856,4112
2021-11-25 07:38:09.398314,"12 days, 14:57:52.240000",ON,MAXN,56,54,57,56,2,3493872,3493872,3493872,1083,25,OFF,OFF,OFF,31.372549019607842,55.0,51.5,49.0,48.0,50.25,4008,4109
2021-11-25 07:38:09.903424,"12 days, 14:57:52.750000",ON,MAXN,59,72,71,77,1,3553704,3553704,3553704,1088,25,OFF,OFF,OFF,31.372549019607842,55.5,52.0,49.5,48.0,50.25,4315,4115
2021-11-25 07:38:10.426060,"12 days, 14:57:53.270000",ON,MAXN,73,69,75,75,0,3615348,3615348,3615348,1123,25,OFF,OFF,OFF,31.372549019607842,55.5,52.5,49.0,48.0,50.75,4856,4137
2021-11-25 07:38:11.087827,"12 days, 14:57:53.930000",ON,MAXN,100,68,76,68,0,3624424,3624424,3624424,1146,25,OFF,OFF,OFF,31.372549019607842,56.0,52.0,49.5,48.0,50.75,4511,4147
2021-11-25 07:38:11.466703,"12 days, 14:57:54.310000",ON,MAXN,96,67,55,66,0,3651456,3651456,3651456,1165,25,OFF,OFF,OFF,31.372549019607842,55.5,52.0,49.5,48.0,50.75,4354,4153
2021-11-25 07:38:11.954237,"12 days, 14:57:54.800000",ON,MAXN,96,76,96,76,0,3718136,3718136,3718136,1195,25,OFF,OFF,OFF,31.372549019607842,55.5,52.0,49.5,48.5,50.75,4817,4171
2021-11-25 07:38:12.573749,"12 days, 14:57:55.420000",ON,MAXN,54,62,94,65,0,3759212,3759212,3759212,1221,25,OFF,OFF,OFF,31.372549019607842,55.5,52.5,49.5,48.0,50.75,4739,4186
2021-11-25 07:38:13.318082,"12 days, 14:57:56.160000",ON,MAXN,61,69,84,68,0,3776976,3776976,3776976,1236,25,OFF,OFF,OFF,31.372549019607842,55.5,52.0,49.5,48.0,50.75,4504,4194
2021-11-25 07:38:13.703791,"12 days, 14:57:56.550000",ON,MAXN,62,70,90,57,3,3805468,3805468,3805468,1257,25,OFF,OFF,OFF,31.372549019607842,55.5,52.5,49.5,48.0,50.75,5044,4215
2021-11-25 07:38:14.150528,"12 days, 14:57:56.990000",ON,MAXN,61,64,59,84,0,3838924,3838924,3838924,1282,25,OFF,OFF,OFF,31.372549019607842,55.5,51.5,49.5,48.0,50.75,4700,4227
